GeoFips,GeoName,2018
01001,"Autauga, AL",1483414.00
01003,"Baldwin, AL",5774289.00
01005,"Barbour, AL",787425.00
01007,"Bibb, AL",364197.00
01009,"Blount, AL",849114.00
01011,"Bullock, AL",244183.00
01013,"Butler, AL",570686.00
01015,"Calhoun, AL",3950436.00
01017,"Chambers, AL",1941217.00
01019,"Cherokee, AL",498013.00
01021,"Chilton, AL",837887.00
01023,"Choctaw, AL",547773.00
01025,"Clarke, AL",784519.00
01027,"Clay, AL",339246.00
01029,"Cleburne, AL",294019.00
01031,"Coffee, AL",1470262.00
01033,"Colbert, AL",2755838.00
01035,"Conecuh, AL",449646.00
01037,"Coosa, AL",177103.00
01039,"Covington, AL",1146899.00
01041,"Crenshaw, AL",408219.00
01043,"Cullman, AL",2548547.00
01045,"Dale, AL",2505314.00
01047,"Dallas, AL",1174931.00
01049,"DeKalb, AL",1768414.00
01051,"Elmore, AL",1694188.00
01053,"Escambia, AL",1172006.00
01055,"Etowah, AL",2803470.00
01057,"Fayette, AL",331837.00
01059,"Franklin, AL",886031.00
01061,"Geneva, AL",519624.00
01063,"Greene, AL",235854.00
01065,"Hale, AL",280041.00
01067,"Henry, AL",327713.00
01069,"Houston, AL",4349489.00
01071,"Jackson, AL",1319359.00
01073,"Jefferson, AL",41774355.00
01075,"Lamar, AL",296054.00
01077,"Lauderdale, AL",2467086.00
01079,"Lawrence, AL",563208.00
01081,"Lee, AL",6013577.00
01083,"Limestone, AL",3288507.00
01085,"Lowndes, AL",413334.00
01087,"Macon, AL",437305.00
01089,"Madison, AL",21707550.00
01091,"Marengo, AL",657507.00
01093,"Marion, AL",804250.00
01095,"Marshall, AL",3061736.00
01097,"Mobile, AL",17882906.00
01099,"Monroe, AL",618262.00
01101,"Montgomery, AL",12633330.00
01103,"Morgan, AL",4980085.00
01105,"Perry, AL",183432.00
01107,"Pickens, AL",390766.00
01109,"Pike, AL",1309102.00
01111,"Randolph, AL",427804.00
01113,"Russell, AL",1472862.00
01115,"St. Clair, AL",1764952.00
01117,"Shelby, AL",10317323.00
01119,"Sumter, AL",326706.00
01121,"Talladega, AL",2840194.00
01123,"Tallapoosa, AL",1186139.00
01125,"Tuscaloosa, AL",9042556.00
01127,"Walker, AL",2058416.00
01129,"Washington, AL",799290.00
01131,"Wilcox, AL",378418.00
01133,"Winston, AL",667455.00
02013,"Aleutians East Borough, AK*",201612.00
02016,"Aleutians West Census Area, AK*",353175.00
02020,"Anchorage Municipality, AK",20329942.00
02050,"Bethel Census Area, AK*",625190.00
02060,"Bristol Bay Borough, AK",130341.00
02068,"Denali Borough, AK*",237263.00
02070,"Dillingham Census Area, AK*",248432.00
02090,"Fairbanks North Star Borough, AK",5654089.00
02100,"Haines Borough, AK",98959.00
02105,"Hoonah-Angoon Census Area, AK*",83216.00
02110,"Juneau City and Borough, AK",2298214.00
02122,"Kenai Peninsula Borough, AK",2808539.00
02130,"Ketchikan Gateway Borough, AK*",800724.00
02150,"Kodiak Island Borough, AK",715043.00
02158,"Kusilvak Census Area, AK*",144996.00
02164,"Lake and Peninsula Borough, AK*",88124.00
02170,"Matanuska-Susitna Borough, AK",2266408.00
02180,"Nome Census Area, AK*",396694.00
02185,"North Slope Borough, AK",10469543.00
02188,"Northwest Arctic Borough, AK",696765.00
02195,"Petersburg Borough, AK*",172178.00
02198,"Prince of Wales-Hyder Census Area, AK*",219255.00
02201,"Prince of Wales-Outer Ketchikan Census Area, AK*",0.00
02220,"Sitka City and Borough, AK",443526.00
02230,"Skagway Municipality, AK*",95346.00
02232,"Skagway-Hoonah-Angoon Census Area, AK*",0.00
02240,"Southeast Fairbanks Census Area, AK*",637943.00
02261,"Valdez-Cordova Census Area, AK*",2331614.00
02275,"Wrangell City and Borough, AK*",94120.00
02280,"Wrangell-Petersburg Census Area, AK*",0.00
02282,"Yakutat City and Borough, AK*",28420.00
02290,"Yukon-Koyukuk Census Area, AK*",273529.00
04001,"Apache, AZ",2619469.00
04003,"Cochise, AZ",4404134.00
04005,"Coconino, AZ",6770442.00
04007,"Gila, AZ",1985337.00
04009,"Graham, AZ",1097980.00
04011,"Greenlee, AZ",1771158.00
04012,"La Paz, AZ",602409.00
04013,"Maricopa, AZ",220789933.00
04015,"Mohave, AZ",5068013.00
04017,"Navajo, AZ",3535546.00
04019,"Pima, AZ",40011352.00
04021,"Pinal, AZ",6936698.00
04023,"Santa Cruz, AZ",1701223.00
04025,"Yavapai, AZ",6481866.00
04027,"Yuma, AZ",7874389.00
05001,"Arkansas, AR",1028895.00
05003,"Ashley, AR",907876.00
05005,"Baxter, AR",1131278.00
05007,"Benton, AR",13245065.00
05009,"Boone, AR",1150136.00
05011,"Bradley, AR",330283.00
05013,"Calhoun, AR",344894.00
05015,"Carroll, AR",788311.00
05017,"Chicot, AR",244098.00
05019,"Clark, AR",734017.00
05021,"Clay, AR",304763.00
05023,"Cleburne, AR",890222.00
05025,"Cleveland, AR",169834.00
05027,"Columbia, AR",828515.00
05029,"Conway, AR",962556.00
05031,"Craighead, AR",4031319.00
05033,"Crawford, AR",1567342.00
05035,"Crittenden, AR",1481505.00
05037,"Cross, AR",440941.00
05039,"Dallas, AR",192320.00
05041,"Desha, AR",498045.00
05043,"Drew, AR",574589.00
05045,"Faulkner, AR",3683719.00
05047,"Franklin, AR",479936.00
05049,"Fulton, AR",187790.00
05051,"Garland, AR",3051825.00
05053,"Grant, AR",390516.00
05055,"Greene, AR",1342823.00
05057,"Hempstead, AR",877218.00
05059,"Hot Spring, AR",863609.00
05061,"Howard, AR",597565.00
05063,"Independence, AR",1670702.00
05065,"Izard, AR",273211.00
05067,"Jackson, AR",528213.00
05069,"Jefferson, AR",2917078.00
05071,"Johnson, AR",698286.00
05073,"Lafayette, AR",174464.00
05075,"Lawrence, AR",444009.00
05077,"Lee, AR",178058.00
05079,"Lincoln, AR",261122.00
05081,"Little River, AR",378858.00
05083,"Logan, AR",600829.00
05085,"Lonoke, AR",1159033.00
05087,"Madison, AR",411807.00
05089,"Marion, AR",494246.00
05091,"Miller, AR",1102278.00
05093,"Mississippi, AR",2205413.00
05095,"Monroe, AR",188860.00
05097,"Montgomery, AR",157162.00
05099,"Nevada, AR",272959.00
05101,"Newton, AR",96963.00
05103,"Ouachita, AR",614610.00
05105,"Perry, AR",141590.00
05107,"Phillips, AR",458421.00
05109,"Pike, AR",248289.00
05111,"Poinsett, AR",555990.00
05113,"Polk, AR",502922.00
05115,"Pope, AR",2692810.00
05117,"Prairie, AR",165493.00
05119,"Pulaski, AR",27208113.00
05121,"Randolph, AR",415843.00
05123,"St. Francis, AR",687857.00
05125,"Saline, AR",1991439.00
05127,"Scott, AR",288385.00
05129,"Searcy, AR",122483.00
05131,"Sebastian, AR",6067121.00
05133,"Sevier, AR",462219.00
05135,"Sharp, AR",309809.00
05137,"Stone, AR",228301.00
05139,"Union, AR",2806423.00
05141,"Van Buren, AR",658285.00
05143,"Washington, AR",9828703.00
05145,"White, AR",2272114.00
05147,"Woodruff, AR",210719.00
05149,"Yell, AR",550276.00
06001,"Alameda, CA",130701879.00
06003,"Alpine, CA",214895.00
06005,"Amador, CA",1651760.00
06007,"Butte, CA",9219915.00
06009,"Calaveras, CA",1440250.00
06011,"Colusa, CA",1673234.00
06013,"Contra Costa, CA",77463188.00
06015,"Del Norte, CA",939846.00
06017,"El Dorado, CA",7653908.00
06019,"Fresno, CA",43436946.00
06021,"Glenn, CA",1495087.00
06023,"Humboldt, CA",6118687.00
06025,"Imperial, CA",8038068.00
06027,"Inyo, CA",1205264.00
06029,"Kern, CA",49864234.00
06031,"Kings, CA",5648724.00
06033,"Lake, CA",2178663.00
06035,"Lassen, CA",1358142.00
06037,"Los Angeles, CA",710893266.00
06039,"Madera, CA",7099931.00
06041,"Marin, CA",20896027.00
06043,"Mariposa, CA",811272.00
06045,"Mendocino, CA",3552687.00
06047,"Merced, CA",9435667.00
06049,"Modoc, CA",441800.00
06051,"Mono, CA",1009386.00
06053,"Monterey, CA",25834713.00
06055,"Napa, CA",9999759.00
06057,"Nevada, CA",4170409.00
06059,"Orange, CA",230145536.00
06061,"Placer, CA",22021571.00
06063,"Plumas, CA",1052152.00
06065,"Riverside, CA",79775504.00
06067,"Sacramento, CA",85235147.00
06069,"San Benito, CA",2495845.00
06071,"San Bernardino, CA",85114555.00
06073,"San Diego, CA",219361505.00
06075,"San Francisco, CA",162541244.00
06077,"San Joaquin, CA",29257580.00
06079,"San Luis Obispo, CA",16536404.00
06081,"San Mateo, CA",104986153.00
06083,"Santa Barbara, CA",27855958.00
06085,"Santa Clara, CA",316525538.00
06087,"Santa Cruz, CA",13765700.00
06089,"Shasta, CA",7655080.00
06091,"Sierra, CA",215033.00
06093,"Siskiyou, CA",1776081.00
06095,"Solano, CA",23303994.00
06097,"Sonoma, CA",28565621.00
06099,"Stanislaus, CA",23160773.00
06101,"Sutter, CA",3486115.00
06103,"Tehama, CA",2210392.00
06105,"Trinity, CA",506794.00
06107,"Tulare, CA",18415098.00
06109,"Tuolumne, CA",2430940.00
06111,"Ventura, CA",53439240.00
06113,"Yolo, CA",13751632.00
06115,"Yuba, CA",3020233.00
08001,"Adams, CO*",23933937.00
08003,"Alamosa, CO",671553.00
08005,"Arapahoe, CO",44037874.00
08007,"Archuleta, CO",482935.00
08009,"Baca, CO",137473.00
08011,"Bent, CO",165660.00
08013,"Boulder, CO*",25319458.00
08014,"Broomfield, CO*",8050690.00
08015,"Chaffee, CO",692114.00
08017,"Cheyenne, CO",235536.00
08019,"Clear Creek, CO",500533.00
08021,"Conejos, CO",244248.00
08023,"Costilla, CO",107662.00
08025,"Crowley, CO",126638.00
08027,"Custer, CO",127789.00
08029,"Delta, CO",785652.00
08031,"Denver, CO",70054379.00
08033,"Dolores, CO",156585.00
08035,"Douglas, CO",15743268.00
08037,"Eagle, CO",3375460.00
08039,"Elbert, CO",484094.00
08041,"El Paso, CO",33349174.00
08043,"Fremont, CO",1325142.00
08045,"Garfield, CO",4243642.00
08047,"Gilpin, CO",525142.00
08049,"Grand, CO",714703.00
08051,"Gunnison, CO",1028922.00
08053,"Hinsdale, CO",52699.00
08055,"Huerfano, CO",273895.00
08057,"Jackson, CO",118656.00
08059,"Jefferson, CO*",29445620.00
08061,"Kiowa, CO",73798.00
08063,"Kit Carson, CO",391520.00
08065,"Lake, CO",309433.00
08067,"La Plata, CO",3515882.00
08069,"Larimer, CO",16793330.00
08071,"Las Animas, CO",711460.00
08073,"Lincoln, CO",391910.00
08075,"Logan, CO",1061679.00
08077,"Mesa, CO",6253144.00
08079,"Mineral, CO",77089.00
08081,"Moffat, CO",987890.00
08083,"Montezuma, CO",1799102.00
08085,"Montrose, CO",1413627.00
08087,"Morgan, CO",1592344.00
08089,"Otero, CO",594219.00
08091,"Ouray, CO",200510.00
08093,"Park, CO",400803.00
08095,"Phillips, CO",213315.00
08097,"Pitkin, CO",1900883.00
08099,"Prowers, CO",585362.00
08101,"Pueblo, CO",6084945.00
08103,"Rio Blanco, CO",736488.00
08105,"Rio Grande, CO",435646.00
08107,"Routt, CO",1676236.00
08109,"Saguache, CO",170660.00
08111,"San Juan, CO",44681.00
08113,"San Miguel, CO",630972.00
08115,"Sedgwick, CO",122461.00
08117,"Summit, CO",2144107.00
08119,"Teller, CO",858144.00
08121,"Washington, CO",240624.00
08123,"Weld, CO*",20531235.00
08125,"Yuma, CO",673264.00
09001,"Fairfield, CT",77951236.00
09003,"Hartford, CT",75991079.00
09005,"Litchfield, CT",7688830.00
09007,"Middlesex, CT",8706342.00
09009,"New Haven, CT",48060270.00
09011,"New London, CT",17084801.00
09013,"Tolland, CT",4835245.00
09015,"Windham, CT",4661614.00
10001,"Kent, DE",6700040.00
10003,"New Castle, DE",42517640.00
10005,"Sussex, DE",13568583.00
11001,"District of Columbia, DC",123981627.00
12001,"Alachua, FL",12447381.00
12003,"Baker, FL",595832.00
12005,"Bay, FL",7606775.00
12007,"Bradford, FL",659865.00
12009,"Brevard, FL",23437467.00
12011,"Broward, FL",96874849.00
12013,"Calhoun, FL",250104.00
12015,"Charlotte, FL",4670656.00
12017,"Citrus, FL",3511018.00
12019,"Clay, FL",4508532.00
12021,"Collier, FL",15760299.00
12023,"Columbia, FL",2117963.00
12027,"DeSoto, FL",828489.00
12029,"Dixie, FL",274765.00
12031,"Duval, FL",59046312.00
12033,"Escambia, FL",14133569.00
12035,"Flagler, FL",2159015.00
12037,"Franklin, FL",339243.00
12039,"Gadsden, FL",1210807.00
12041,"Gilchrist, FL",384761.00
12043,"Glades, FL",270066.00
12045,"Gulf, FL",377644.00
12047,"Hamilton, FL",392338.00
12049,"Hardee, FL",1113218.00
12051,"Hendry, FL",1216050.00
12053,"Hernando, FL",3817718.00
12055,"Highlands, FL",2538660.00
12057,"Hillsborough, FL",79951440.00
12059,"Holmes, FL",323671.00
12061,"Indian River, FL",5346831.00
12063,"Jackson, FL",1199023.00
12065,"Jefferson, FL",302750.00
12067,"Lafayette, FL",209052.00
12069,"Lake, FL",8284194.00
12071,"Lee, FL",27046186.00
12073,"Leon, FL",14165147.00
12075,"Levy, FL",1102272.00
12077,"Liberty, FL",182111.00
12079,"Madison, FL",489921.00
12081,"Manatee, FL",12599063.00
12083,"Marion, FL",9237866.00
12085,"Martin, FL",6946903.00
12086,"Miami-Dade, FL",145882828.00
12087,"Monroe, FL",4255911.00
12089,"Nassau, FL",2213296.00
12091,"Okaloosa, FL",10515093.00
12093,"Okeechobee, FL",1151613.00
12095,"Orange, FL",87741273.00
12097,"Osceola, FL",8374889.00
12099,"Palm Beach, FL",72270528.00
12101,"Pasco, FL",11238393.00
12103,"Pinellas, FL",46894199.00
12105,"Polk, FL",22483500.00
12107,"Putnam, FL",2009787.00
12109,"St. Johns, FL",7357931.00
12111,"St. Lucie, FL",8311311.00
12113,"Santa Rosa, FL",3836306.00
12115,"Sarasota, FL",17814560.00
12117,"Seminole, FL",19779928.00
12119,"Sumter, FL",2484841.00
12121,"Suwannee, FL",1090123.00
12123,"Taylor, FL",856461.00
12125,"Union, FL",299208.00
12127,"Volusia, FL",16446375.00
12129,"Wakulla, FL",606163.00
12131,"Walton, FL",2511146.00
12133,"Washington, FL",491690.00
13001,"Appling, GA",1417429.00
13003,"Atkinson, GA",236695.00
13005,"Bacon, GA",357666.00
13007,"Baker, GA",87742.00
13009,"Baldwin, GA",1237235.00
13011,"Banks, GA",432928.00
13013,"Barrow, GA",1884951.00
13015,"Bartow, GA",4495356.00
13017,"Ben Hill, GA",481148.00
13019,"Berrien, GA",354815.00
13021,"Bibb, GA",7980755.00
13023,"Bleckley, GA",232430.00
13025,"Brantley, GA",240294.00
13027,"Brooks, GA",286906.00
13029,"Bryan, GA",807644.00
13031,"Bulloch, GA",2141698.00
13033,"Burke, GA",2489579.00
13035,"Butts, GA",560604.00
13037,"Calhoun, GA",124665.00
13039,"Camden, GA",1865713.00
13043,"Candler, GA",243238.00
13045,"Carroll, GA",3994013.00
13047,"Catoosa, GA",1366360.00
13049,"Charlton, GA",193017.00
13051,"Chatham, GA",16849129.00
13053,"Chattahoochee, GA",1422770.00
13055,"Chattooga, GA",549226.00
13057,"Cherokee, GA",6203380.00
13059,"Clarke, GA",6890589.00
13061,"Clay, GA",79221.00
13063,"Clayton, GA",16751712.00
13065,"Clinch, GA",246674.00
13067,"Cobb, GA",45417267.00
13069,"Coffee, GA",1389874.00
13071,"Colquitt, GA",1302673.00
13073,"Columbia, GA",3294683.00
13075,"Cook, GA",366696.00
13077,"Coweta, GA",3705520.00
13079,"Crawford, GA",165034.00
13081,"Crisp, GA",712897.00
13083,"Dade, GA",376102.00
13085,"Dawson, GA",814582.00
13087,"Decatur, GA",824276.00
13089,"DeKalb, GA",37396329.00
13091,"Dodge, GA",431156.00
13093,"Dooly, GA",312341.00
13095,"Dougherty, GA",4198481.00
13097,"Douglas, GA",3848040.00
13099,"Early, GA",554226.00
13101,"Echols, GA",48865.00
13103,"Effingham, GA",1789623.00
13105,"Elbert, GA",577880.00
13107,"Emanuel, GA",624021.00
13109,"Evans, GA",348274.00
13111,"Fannin, GA",601484.00
13113,"Fayette, GA",4314130.00
13115,"Floyd, GA",3787411.00
13117,"Forsyth, GA",8676090.00
13119,"Franklin, GA",899867.00
13121,"Fulton, GA",152383941.00
13123,"Gilmer, GA",827846.00
13125,"Glascock, GA",44217.00
13127,"Glynn, GA",3524216.00
13129,"Gordon, GA",2159797.00
13131,"Grady, GA",672965.00
13133,"Greene, GA",614673.00
13135,"Gwinnett, GA",44198573.00
13137,"Habersham, GA",1392422.00
13139,"Hall, GA",8764977.00
13141,"Hancock, GA",160890.00
13143,"Haralson, GA",712231.00
13145,"Harris, GA",449959.00
13147,"Hart, GA",880377.00
13149,"Heard, GA",1132700.00
13151,"Henry, GA",5456897.00
13153,"Houston, GA",6039600.00
13155,"Irwin, GA",181549.00
13157,"Jackson, GA",2647300.00
13159,"Jasper, GA",238754.00
13161,"Jeff Davis, GA",397699.00
13163,"Jefferson, GA",514017.00
13165,"Jenkins, GA",135816.00
13167,"Johnson, GA",136228.00
13169,"Jones, GA",388998.00
13171,"Lamar, GA",396516.00
13173,"Lanier, GA",154894.00
13175,"Laurens, GA",1835285.00
13177,"Lee, GA",546644.00
13179,"Liberty, GA",3212350.00
13181,"Lincoln, GA",131430.00
13183,"Long, GA",120961.00
13185,"Lowndes, GA",4563203.00
13187,"Lumpkin, GA",696558.00
13189,"McDuffie, GA",624689.00
13191,"McIntosh, GA",193322.00
13193,"Macon, GA",428881.00
13195,"Madison, GA",482010.00
13197,"Marion, GA",128418.00
13199,"Meriwether, GA",486486.00
13201,"Miller, GA",171059.00
13205,"Mitchell, GA",710687.00
13207,"Monroe, GA",1636124.00
13209,"Montgomery, GA",141780.00
13211,"Morgan, GA",672292.00
13213,"Murray, GA",1250877.00
13215,"Muscogee, GA",9713550.00
13217,"Newton, GA",2415670.00
13219,"Oconee, GA",1254367.00
13221,"Oglethorpe, GA",331793.00
13223,"Paulding, GA",2290287.00
13225,"Peach, GA",938621.00
13227,"Pickens, GA",929381.00
13229,"Pierce, GA",371570.00
13231,"Pike, GA",278801.00
13233,"Polk, GA",1181529.00
13235,"Pulaski, GA",265086.00
13237,"Putnam, GA",445696.00
13239,"Quitman, GA",49138.00
13241,"Rabun, GA",466083.00
13243,"Randolph, GA",362963.00
13245,"Richmond, GA",11603709.00
13247,"Rockdale, GA",3403771.00
13249,"Schley, GA",111573.00
13251,"Screven, GA",330384.00
13253,"Seminole, GA",248233.00
13255,"Spalding, GA",1932018.00
13257,"Stephens, GA",845831.00
13259,"Stewart, GA",131437.00
13261,"Sumter, GA",1012804.00
13263,"Talbot, GA",136557.00
13265,"Taliaferro, GA",40876.00
13267,"Tattnall, GA",598451.00
13269,"Taylor, GA",196727.00
13271,"Telfair, GA",400242.00
13273,"Terrell, GA",243756.00
13275,"Thomas, GA",2050229.00
13277,"Tift, GA",1722446.00
13279,"Toombs, GA",909766.00
13281,"Towns, GA",291115.00
13283,"Treutlen, GA",119360.00
13285,"Troup, GA",3689303.00
13287,"Turner, GA",190629.00
13289,"Twiggs, GA",269210.00
13291,"Union, GA",636700.00
13293,"Upson, GA",634107.00
13295,"Walker, GA",1382991.00
13297,"Walton, GA",2305512.00
13299,"Ware, GA",1253181.00
13301,"Warren, GA",190039.00
13303,"Washington, GA",580610.00
13305,"Wayne, GA",716988.00
13307,"Webster, GA",68097.00
13309,"Wheeler, GA",126380.00
13311,"White, GA",651770.00
13313,"Whitfield, GA",5604981.00
13315,"Wilcox, GA",147790.00
13317,"Wilkes, GA",299631.00
13319,"Wilkinson, GA",469070.00
13321,"Worth, GA",335248.00
15001,"Hawaii, HI",8124355.00
15003,"Honolulu, HI",61095819.00
15007,"Kauai, HI",4083693.00
15901,"Maui + Kalawao, HI*",9345639.00
16001,"Ada, ID",24825864.00
16003,"Adams, ID",128547.00
16005,"Bannock, ID",2745368.00
16007,"Bear Lake, ID",171856.00
16009,"Benewah, ID",297905.00
16011,"Bingham, ID",1335050.00
16013,"Blaine, ID",1400281.00
16015,"Boise, ID",221901.00
16017,"Bonner, ID",1339019.00
16019,"Bonneville, ID",4905301.00
16021,"Boundary, ID",336364.00
16023,"Butte, ID",959859.00
16025,"Camas, ID",54147.00
16027,"Canyon, ID",5367721.00
16029,"Caribou, ID",427875.00
16031,"Cassia, ID",1648535.00
16033,"Clark, ID",41594.00
16035,"Clearwater, ID",324971.00
16037,"Custer, ID",177291.00
16039,"Elmore, ID",1163797.00
16041,"Franklin, ID",333650.00
16043,"Fremont (includes Yellowstone Park), ID",402818.00
16045,"Gem, ID",319609.00
16047,"Gooding, ID",1272187.00
16049,"Idaho, ID",486206.00
16051,"Jefferson, ID",563537.00
16053,"Jerome, ID",1359384.00
16055,"Kootenai, ID",5529281.00
16057,"Latah, ID",1242423.00
16059,"Lemhi, ID",231853.00
16061,"Lewis, ID",156358.00
16063,"Lincoln, ID",286254.00
16065,"Madison, ID",1115604.00
16067,"Minidoka, ID",736107.00
16069,"Nez Perce, ID",1889423.00
16071,"Oneida, ID",110667.00
16073,"Owyhee, ID",383126.00
16075,"Payette, ID",780280.00
16077,"Power, ID",419021.00
16079,"Shoshone, ID",466589.00
16081,"Teton, ID",309013.00
16083,"Twin Falls, ID",3323275.00
16085,"Valley, ID",455186.00
16087,"Washington, ID",404915.00
17001,"Adams, IL",3284870.00
17003,"Alexander, IL",180487.00
17005,"Bond, IL",556141.00
17007,"Boone, IL",1706969.00
17009,"Brown, IL",403332.00
17011,"Bureau, IL",1200477.00
17013,"Calhoun, IL",109270.00
17015,"Carroll, IL",463346.00
17017,"Cass, IL",638399.00
17019,"Champaign, IL",10356705.00
17021,"Christian, IL",1346262.00
17023,"Clark, IL",608104.00
17025,"Clay, IL",588562.00
17027,"Clinton, IL",1210870.00
17029,"Coles, IL",2305836.00
17031,"Cook, IL",362063569.00
17033,"Crawford, IL",3154494.00
17035,"Cumberland, IL",343839.00
17037,"DeKalb, IL",3614570.00
17039,"De Witt, IL",1129745.00
17041,"Douglas, IL",1002215.00
17043,"DuPage, IL",82596221.00
17045,"Edgar, IL",756615.00
17047,"Edwards, IL",279804.00
17049,"Effingham, IL",2041960.00
17051,"Fayette, IL",599015.00
17053,"Ford, IL",788611.00
17055,"Franklin, IL",1247960.00
17057,"Fulton, IL",917536.00
17059,"Gallatin, IL",276703.00
17061,"Greene, IL",377090.00
17063,"Grundy, IL",3145931.00
17065,"Hamilton, IL",460533.00
17067,"Hancock, IL",683222.00
17069,"Hardin, IL",105717.00
17071,"Henderson, IL",201065.00
17073,"Henry, IL",1436917.00
17075,"Iroquois, IL",1056396.00
17077,"Jackson, IL",2805921.00
17079,"Jasper, IL",568282.00
17081,"Jefferson, IL",1695482.00
17083,"Jersey, IL",502115.00
17085,"Jo Daviess, IL",819232.00
17087,"Johnson, IL",226975.00
17089,"Kane, IL",21846847.00
17091,"Kankakee, IL",4370611.00
17093,"Kendall, IL",2910561.00
17095,"Knox, IL",1750985.00
17097,"Lake, IL",60106642.00
17099,"LaSalle, IL",5398514.00
17101,"Lawrence, IL",510953.00
17103,"Lee, IL",1508358.00
17105,"Livingston, IL",1753899.00
17107,"Logan, IL",1110851.00
17109,"McDonough, IL",1150422.00
17111,"McHenry, IL",10241435.00
17113,"McLean, IL",11802499.00
17115,"Macon, IL",6523486.00
17117,"Macoupin, IL",1163098.00
17119,"Madison, IL",11293639.00
17121,"Marion, IL",1372400.00
17123,"Marshall, IL",403674.00
17125,"Mason, IL",577815.00
17127,"Massac, IL",690326.00
17129,"Menard, IL",289134.00
17131,"Mercer, IL",403854.00
17133,"Monroe, IL",923297.00
17135,"Montgomery, IL",1324737.00
17137,"Morgan, IL",1445898.00
17139,"Moultrie, IL",692823.00
17141,"Ogle, IL",2721329.00
17143,"Peoria, IL",12040364.00
17145,"Perry, IL",712065.00
17147,"Piatt, IL",477520.00
17149,"Pike, IL",623777.00
17151,"Pope, IL",96338.00
17153,"Pulaski, IL",236180.00
17155,"Putnam, IL",338034.00
17157,"Randolph, IL",1470109.00
17159,"Richland, IL",962210.00
17161,"Rock Island, IL",10496180.00
17163,"St. Clair, IL",10679494.00
17165,"Saline, IL",849787.00
17167,"Sangamon, IL",10570791.00
17169,"Schuyler, IL",285717.00
17171,"Scott, IL",189956.00
17173,"Shelby, IL",810282.00
17175,"Stark, IL",227465.00
17177,"Stephenson, IL",1923456.00
17179,"Tazewell, IL",8206096.00
17181,"Union, IL",448465.00
17183,"Vermilion, IL",3285723.00
17185,"Wabash, IL",376181.00
17187,"Warren, IL",750948.00
17189,"Washington, IL",1013500.00
17191,"Wayne, IL",648342.00
17193,"White, IL",573158.00
17195,"Whiteside, IL",2090471.00
17197,"Will, IL",28209374.00
17199,"Williamson, IL",2796011.00
17201,"Winnebago, IL",13080810.00
17203,"Woodford, IL",1155062.00
18001,"Adams, IN",1416976.00
18003,"Allen, IN",19716158.00
18005,"Bartholomew, IN",6363058.00
18007,"Benton, IN",421798.00
18009,"Blackford, IN",292995.00
18011,"Boone, IN",4528949.00
18013,"Brown, IN",241987.00
18015,"Carroll, IN",661601.00
18017,"Cass, IN",1258237.00
18019,"Clark, IN",4380616.00
18021,"Clay, IN",640668.00
18023,"Clinton, IN",1100849.00
18025,"Crawford, IN",188897.00
18027,"Daviess, IN",1159916.00
18029,"Dearborn, IN",1510907.00
18031,"Decatur, IN",1431726.00
18033,"DeKalb, IN",2466948.00
18035,"Delaware, IN",3872532.00
18037,"Dubois, IN",2615764.00
18039,"Elkhart, IN",12038611.00
18041,"Fayette, IN",583073.00
18043,"Floyd, IN",2600472.00
18045,"Fountain, IN",536769.00
18047,"Franklin, IN",495074.00
18049,"Fulton, IN",626150.00
18051,"Gibson, IN",2902220.00
18053,"Grant, IN",4276362.00
18055,"Greene, IN",623538.00
18057,"Hamilton, IN",16176217.00
18059,"Hancock, IN",2180514.00
18061,"Harrison, IN",893313.00
18063,"Hendricks, IN",6030852.00
18065,"Henry, IN",1134531.00
18067,"Howard, IN",5253267.00
18069,"Huntington, IN",1296402.00
18071,"Jackson, IN",2495376.00
18073,"Jasper, IN",1311535.00
18075,"Jay, IN",958240.00
18077,"Jefferson, IN",1373639.00
18079,"Jennings, IN",662272.00
18081,"Johnson, IN",4534695.00
18083,"Knox, IN",1860452.00
18085,"Kosciusko, IN",4549226.00
18087,"Lagrange, IN",1490183.00
18089,"Lake, IN",22602046.00
18091,"LaPorte, IN",3940402.00
18093,"Lawrence, IN",1363235.00
18095,"Madison, IN",3494610.00
18097,"Marion, IN",82996653.00
18099,"Marshall, IN",1587315.00
18101,"Martin, IN",1027957.00
18103,"Miami, IN",824484.00
18105,"Monroe, IN",6080616.00
18107,"Montgomery, IN",1586433.00
18109,"Morgan, IN",1550375.00
18111,"Newton, IN",349433.00
18113,"Noble, IN",1712402.00
18115,"Ohio, IN",103660.00
18117,"Orange, IN",604918.00
18119,"Owen, IN",465645.00
18121,"Parke, IN",310227.00
18123,"Perry, IN",696505.00
18125,"Pike, IN",690529.00
18127,"Porter, IN",6370405.00
18129,"Posey, IN",1524491.00
18131,"Pulaski, IN",520074.00
18133,"Putnam, IN",1026472.00
18135,"Randolph, IN",731186.00
18137,"Ripley, IN",1231942.00
18139,"Rush, IN",554643.00
18141,"St. Joseph, IN",12554863.00
18143,"Scott, IN",630586.00
18145,"Shelby, IN",2032091.00
18147,"Spencer, IN",1114528.00
18149,"Starke, IN",455392.00
18151,"Steuben, IN",1355799.00
18153,"Sullivan, IN",882530.00
18155,"Switzerland, IN",207854.00
18157,"Tippecanoe, IN",8355142.00
18159,"Tipton, IN",646608.00
18161,"Union, IN",132120.00
18163,"Vanderburgh, IN",10474357.00
18165,"Vermillion, IN",755958.00
18167,"Vigo, IN",4542724.00
18169,"Wabash, IN",1180811.00
18171,"Warren, IN",288311.00
18173,"Warrick, IN",2015080.00
18175,"Washington, IN",633102.00
18177,"Wayne, IN",2659403.00
18179,"Wells, IN",1063282.00
18181,"White, IN",937398.00
18183,"Whitley, IN",1211021.00
19001,"Adair, IA",324537.00
19003,"Adams, IA",296386.00
19005,"Allamakee, IA",541503.00
19007,"Appanoose, IA",348067.00
19009,"Audubon, IA",249566.00
19011,"Benton, IA",740852.00
19013,"Black Hawk, IA",7115887.00
19015,"Boone, IA",967923.00
19017,"Bremer, IA",1039846.00
19019,"Buchanan, IA",601478.00
19021,"Buena Vista, IA",1462894.00
19023,"Butler, IA",739157.00
19025,"Calhoun, IA",490304.00
19027,"Carroll, IA",1325535.00
19029,"Cass, IA",640979.00
19031,"Cedar, IA",544340.00
19033,"Cerro Gordo, IA",2360792.00
19035,"Cherokee, IA",876700.00
19037,"Chickasaw, IA",690161.00
19039,"Clarke, IA",421066.00
19041,"Clay, IA",964775.00
19043,"Clayton, IA",832243.00
19045,"Clinton, IA",2106560.00
19047,"Crawford, IA",736402.00
19049,"Dallas, IA",4763330.00
19051,"Davis, IA",221183.00
19053,"Decatur, IA",224155.00
19055,"Delaware, IA",845252.00
19057,"Des Moines, IA",2198139.00
19059,"Dickinson, IA",850226.00
19061,"Dubuque, IA",5194130.00
19063,"Emmet, IA",363045.00
19065,"Fayette, IA",698596.00
19067,"Floyd, IA",644007.00
19069,"Franklin, IA",679214.00
19071,"Fremont, IA",241298.00
19073,"Greene, IA",417537.00
19075,"Grundy, IA",638762.00
19077,"Guthrie, IA",457313.00
19079,"Hamilton, IA",807344.00
19081,"Hancock, IA",755413.00
19083,"Hardin, IA",1002720.00
19085,"Harrison, IA",451315.00
19087,"Henry, IA",798306.00
19089,"Howard, IA",417568.00
19091,"Humboldt, IA",443824.00
19093,"Ida, IA",429048.00
19095,"Iowa, IA",802948.00
19097,"Jackson, IA",593898.00
19099,"Jasper, IA",1058798.00
19101,"Jefferson, IA",677208.00
19103,"Johnson, IA",8385942.00
19105,"Jones, IA",556983.00
19107,"Keokuk, IA",336881.00
19109,"Kossuth, IA",1066212.00
19111,"Lee, IA",1580685.00
19113,"Linn, IA",15957005.00
19115,"Louisa, IA",551334.00
19117,"Lucas, IA",309877.00
19119,"Lyon, IA",1126386.00
19121,"Madison, IA",393017.00
19123,"Mahaska, IA",872648.00
19125,"Marion, IA",1546001.00
19127,"Marshall, IA",1691952.00
19129,"Mills, IA",508666.00
19131,"Mitchell, IA",652501.00
19133,"Monona, IA",366224.00
19135,"Monroe, IA",424160.00
19137,"Montgomery, IA",385816.00
19139,"Muscatine, IA",2298640.00
19141,"O'Brien, IA",1116366.00
19143,"Osceola, IA",495070.00
19145,"Page, IA",531794.00
19147,"Palo Alto, IA",528894.00
19149,"Plymouth, IA",1556493.00
19151,"Pocahontas, IA",538662.00
19153,"Polk, IA",36757721.00
19155,"Pottawattamie, IA",4637631.00
19157,"Poweshiek, IA",1129491.00
19159,"Ringgold, IA",185894.00
19161,"Sac, IA",589102.00
19163,"Scott, IA",8208858.00
19165,"Shelby, IA",1023116.00
19167,"Sioux, IA",2676524.00
19169,"Story, IA",4814640.00
19171,"Tama, IA",548997.00
19173,"Taylor, IA",234141.00
19175,"Union, IA",535762.00
19177,"Van Buren, IA",223794.00
19179,"Wapello, IA",1628245.00
19181,"Warren, IA",1042882.00
19183,"Washington, IA",1151368.00
19185,"Wayne, IA",235082.00
19187,"Webster, IA",2097183.00
19189,"Winnebago, IA",431395.00
19191,"Winneshiek, IA",988435.00
19193,"Woodbury, IA",4770518.00
19195,"Worth, IA",356108.00
19197,"Wright, IA",958690.00
20001,"Allen, KS",474012.00
20003,"Anderson, KS",231865.00
20005,"Atchison, KS",578478.00
20007,"Barber, KS",221700.00
20009,"Barton, KS",1205928.00
20011,"Bourbon, KS",558719.00
20013,"Brown, KS",433017.00
20015,"Butler, KS",2283399.00
20017,"Chase, KS",113451.00
20019,"Chautauqua, KS",75066.00
20021,"Cherokee, KS",688966.00
20023,"Cheyenne, KS",138297.00
20025,"Clark, KS",249258.00
20027,"Clay, KS",267313.00
20029,"Cloud, KS",317960.00
20031,"Coffey, KS",819586.00
20033,"Comanche, KS",76885.00
20035,"Cowley, KS",1223190.00
20037,"Crawford, KS",1373034.00
20039,"Decatur, KS",158897.00
20041,"Dickinson, KS",593932.00
20043,"Doniphan, KS",206919.00
20045,"Douglas, KS",4458646.00
20047,"Edwards, KS",161848.00
20049,"Elk, KS",87260.00
20051,"Ellis, KS",1520452.00
20053,"Ellsworth, KS",226719.00
20055,"Finney, KS",1995782.00
20057,"Ford, KS",1676999.00
20059,"Franklin, KS",809403.00
20061,"Geary, KS",2540165.00
20063,"Gove, KS",178222.00
20065,"Graham, KS",126429.00
20067,"Grant, KS",585765.00
20069,"Gray, KS",774123.00
20071,"Greeley, KS",103802.00
20073,"Greenwood, KS",161367.00
20075,"Hamilton, KS",393421.00
20077,"Harper, KS",302643.00
20079,"Harvey, KS",1116247.00
20081,"Haskell, KS",348946.00
20083,"Hodgeman, KS",93517.00
20085,"Jackson, KS",316146.00
20087,"Jefferson, KS",335533.00
20089,"Jewell, KS",110189.00
20091,"Johnson, KS",43264041.00
20093,"Kearny, KS",317292.00
20095,"Kingman, KS",293554.00
20097,"Kiowa, KS",147829.00
20099,"Labette, KS",777207.00
20101,"Lane, KS",302899.00
20103,"Leavenworth, KS",2560260.00
20105,"Lincoln, KS",115211.00
20107,"Linn, KS",416339.00
20109,"Logan, KS",143712.00
20111,"Lyon, KS",1244636.00
20113,"McPherson, KS",2006354.00
20115,"Marion, KS",342297.00
20117,"Marshall, KS",527146.00
20119,"Meade, KS",338981.00
20121,"Miami, KS",756381.00
20123,"Mitchell, KS",394383.00
20125,"Montgomery, KS",1939453.00
20127,"Morris, KS",183131.00
20129,"Morton, KS",159918.00
20131,"Nemaha, KS",538363.00
20133,"Neosho, KS",510011.00
20135,"Ness, KS",226040.00
20137,"Norton, KS",220442.00
20139,"Osage, KS",251200.00
20141,"Osborne, KS",184274.00
20143,"Ottawa, KS",128707.00
20145,"Pawnee, KS",272632.00
20147,"Phillips, KS",288179.00
20149,"Pottawatomie, KS",1255957.00
20151,"Pratt, KS",530550.00
20153,"Rawlins, KS",142052.00
20155,"Reno, KS",2307946.00
20157,"Republic, KS",217272.00
20159,"Rice, KS",443582.00
20161,"Riley, KS",2469027.00
20163,"Rooks, KS",219817.00
20165,"Rush, KS",143452.00
20167,"Russell, KS",340325.00
20169,"Saline, KS",2956168.00
20171,"Scott, KS",613415.00
20173,"Sedgwick, KS",28724113.00
20175,"Seward, KS",1298434.00
20177,"Shawnee, KS",9032118.00
20179,"Sheridan, KS",131903.00
20181,"Sherman, KS",273047.00
20183,"Smith, KS",170789.00
20185,"Stafford, KS",141068.00
20187,"Stanton, KS",156763.00
20189,"Stevens, KS",268179.00
20191,"Sumner, KS",715695.00
20193,"Thomas, KS",413995.00
20195,"Trego, KS",202879.00
20197,"Wabaunsee, KS",130256.00
20199,"Wallace, KS",136715.00
20201,"Washington, KS",222464.00
20203,"Wichita, KS",293066.00
20205,"Wilson, KS",347352.00
20207,"Woodson, KS",81905.00
20209,"Wyandotte, KS",10433971.00
21001,"Adair, KY",328768.00
21003,"Allen, KY",429841.00
21005,"Anderson, KY",434709.00
21007,"Ballard, KY",238341.00
21009,"Barren, KY",1381824.00
21011,"Bath, KY",153922.00
21013,"Bell, KY",668283.00
21015,"Boone, KY",8145159.00
21017,"Bourbon, KY",744850.00
21019,"Boyd, KY",4208514.00
21021,"Boyle, KY",1172393.00
21023,"Bracken, KY",135668.00
21025,"Breathitt, KY",225099.00
21027,"Breckinridge, KY",349646.00
21029,"Bullitt, KY",2225729.00
21031,"Butler, KY",348093.00
21033,"Caldwell, KY",356610.00
21035,"Calloway, KY",1280784.00
21037,"Campbell, KY",2894065.00
21039,"Carlisle, KY",160381.00
21041,"Carroll, KY",1436244.00
21043,"Carter, KY",403150.00
21045,"Casey, KY",296078.00
21047,"Christian, KY",5274474.00
21049,"Clark, KY",1245254.00
21051,"Clay, KY",328743.00
21053,"Clinton, KY",270001.00
21055,"Crittenden, KY",191802.00
21057,"Cumberland, KY",158340.00
21059,"Daviess, KY",4067175.00
21061,"Edmonson, KY",144647.00
21063,"Elliott, KY",71457.00
21065,"Estill, KY",189800.00
21067,"Fayette, KY",19202370.00
21069,"Fleming, KY",271775.00
21071,"Floyd, KY",1056986.00
21073,"Franklin, KY",3228327.00
21075,"Fulton, KY",195791.00
21077,"Gallatin, KY",357027.00
21079,"Garrard, KY",204461.00
21081,"Grant, KY",469275.00
21083,"Graves, KY",1174116.00
21085,"Grayson, KY",662447.00
21087,"Green, KY",150893.00
21089,"Greenup, KY",724722.00
21091,"Hancock, KY",824556.00
21093,"Hardin, KY",4763191.00
21095,"Harlan, KY",568852.00
21097,"Harrison, KY",455479.00
21099,"Hart, KY",500613.00
21101,"Henderson, KY",1917354.00
21103,"Henry, KY",365170.00
21105,"Hickman, KY",218142.00
21107,"Hopkins, KY",1525769.00
21109,"Jackson, KY",155025.00
21111,"Jefferson, KY",49831577.00
21113,"Jessamine, KY",1503480.00
21115,"Johnson, KY",403777.00
21117,"Kenton, KY",6947960.00
21119,"Knott, KY",210393.00
21121,"Knox, KY",577658.00
21123,"Larue, KY",194582.00
21125,"Laurel, KY",1990777.00
21127,"Lawrence, KY",315702.00
21129,"Lee, KY",133468.00
21131,"Leslie, KY",160409.00
21133,"Letcher, KY",363118.00
21135,"Lewis, KY",168650.00
21137,"Lincoln, KY",393493.00
21139,"Livingston, KY",279110.00
21141,"Logan, KY",1193555.00
21143,"Lyon, KY",189106.00
21145,"McCracken, KY",3679761.00
21147,"McCreary, KY",225837.00
21149,"McLean, KY",331604.00
21151,"Madison, KY",2634589.00
21153,"Magoffin, KY",139446.00
21155,"Marion, KY",710662.00
21157,"Marshall, KY",1154718.00
21159,"Martin, KY",305534.00
21161,"Mason, KY",972077.00
21163,"Meade, KY",435899.00
21165,"Menifee, KY",78518.00
21167,"Mercer, KY",923901.00
21169,"Metcalfe, KY",186698.00
21171,"Monroe, KY",287913.00
21173,"Montgomery, KY",894854.00
21175,"Morgan, KY",236315.00
21177,"Muhlenberg, KY",1258930.00
21179,"Nelson, KY",1586803.00
21181,"Nicholas, KY",77822.00
21183,"Ohio, KY",848711.00
21185,"Oldham, KY",1512023.00
21187,"Owen, KY",168567.00
21189,"Owsley, KY",51822.00
21191,"Pendleton, KY",246250.00
21193,"Perry, KY",960216.00
21195,"Pike, KY",2703199.00
21197,"Powell, KY",197292.00
21199,"Pulaski, KY",2051058.00
21201,"Robertson, KY",25531.00
21203,"Rockcastle, KY",266553.00
21205,"Rowan, KY",662311.00
21207,"Russell, KY",558876.00
21209,"Scott, KY",2422975.00
21211,"Shelby, KY",1422182.00
21213,"Simpson, KY",850415.00
21215,"Spencer, KY",193530.00
21217,"Taylor, KY",796470.00
21219,"Todd, KY",340291.00
21221,"Trigg, KY",271023.00
21223,"Trimble, KY",447742.00
21225,"Union, KY",593494.00
21227,"Warren, KY",5423938.00
21229,"Washington, KY",294722.00
21231,"Wayne, KY",363684.00
21233,"Webster, KY",590257.00
21235,"Whitley, KY",1632913.00
21237,"Wolfe, KY",92991.00
21239,"Woodford, KY",1000732.00
22001,"Acadia, LA",1603705.00
22003,"Allen, LA",630538.00
22005,"Ascension, LA",8603284.00
22007,"Assumption, LA",453858.00
22009,"Avoyelles, LA",848022.00
22011,"Beauregard, LA",921931.00
22013,"Bienville, LA",744493.00
22015,"Bossier, LA",5812033.00
22017,"Caddo, LA",13294109.00
22019,"Calcasieu, LA",14399795.00
22021,"Caldwell, LA",179444.00
22023,"Cameron, LA",1907462.00
22025,"Catahoula, LA",194824.00
22027,"Claiborne, LA",517129.00
22029,"Concordia, LA",571467.00
22031,"De Soto, LA",3779059.00
22033,"East Baton Rouge, LA",32817001.00
22035,"East Carroll, LA",187385.00
22037,"East Feliciana, LA",442954.00
22039,"Evangeline, LA",870132.00
22041,"Franklin, LA",495366.00
22043,"Grant, LA",337955.00
22045,"Iberia, LA",3117265.00
22047,"Iberville, LA",2056001.00
22049,"Jackson, LA",443556.00
22051,"Jefferson, LA",21754436.00
22053,"Jefferson Davis, LA",913264.00
22055,"Lafayette, LA",13515417.00
22057,"Lafourche, LA",3978516.00
22059,"LaSalle, LA",462138.00
22061,"Lincoln, LA",1914163.00
22063,"Livingston, LA",2346977.00
22065,"Madison, LA",449912.00
22067,"Morehouse, LA",597005.00
22069,"Natchitoches, LA",1385024.00
22071,"Orleans, LA",23196847.00
22073,"Ouachita, LA",7285480.00
22075,"Plaquemines, LA",3444860.00
22077,"Pointe Coupee, LA",708965.00
22079,"Rapides, LA",5322092.00
22081,"Red River, LA",1271107.00
22083,"Richland, LA",501952.00
22085,"Sabine, LA",789765.00
22087,"St. Bernard, LA",1317707.00
22089,"St. Charles, LA",9662139.00
22091,"St. Helena, LA",141576.00
22093,"St. James, LA",3133283.00
22095,"St. John the Baptist, LA",2367760.00
22097,"St. Landry, LA",2548496.00
22099,"St. Martin, LA",1415755.00
22101,"St. Mary, LA",2479914.00
22103,"St. Tammany, LA",9056766.00
22105,"Tangipahoa, LA",3894065.00
22107,"Tensas, LA",122324.00
22109,"Terrebonne, LA",5535908.00
22111,"Union, LA",624213.00
22113,"Vermilion, LA",1732086.00
22115,"Vernon, LA",1847621.00
22117,"Washington, LA",1090184.00
22119,"Webster, LA",1123296.00
22121,"West Baton Rouge, LA",3199431.00
22123,"West Carroll, LA",252662.00
22125,"West Feliciana, LA",806915.00
22127,"Winn, LA",439900.00
23001,"Androscoggin, ME",4266879.00
23003,"Aroostook, ME",2357454.00
23005,"Cumberland, ME",19382624.00
23007,"Franklin, ME",985027.00
23009,"Hancock, ME",2197937.00
23011,"Kennebec, ME",5025676.00
23013,"Knox, ME",1555505.00
23015,"Lincoln, ME",1030391.00
23017,"Oxford, ME",1551556.00
23019,"Penobscot, ME",6017850.00
23021,"Piscataquis, ME",534476.00
23023,"Sagadahoc, ME",1442267.00
23025,"Somerset, ME",1660106.00
23027,"Waldo, ME",994584.00
23029,"Washington, ME",1026010.00
23031,"York, ME",7424554.00
24001,"Allegany, MD",2828976.00
24003,"Anne Arundel, MD",45313225.00
24005,"Baltimore, MD",48916032.00
24009,"Calvert, MD",4127614.00
24011,"Caroline, MD",1210266.00
24013,"Carroll, MD",5805798.00
24015,"Cecil, MD",4242723.00
24017,"Charles, MD",5318368.00
24019,"Dorchester, MD",1288622.00
24021,"Frederick, MD",12479134.00
24023,"Garrett, MD",1228093.00
24025,"Harford, MD",11877161.00
24027,"Howard, MD",23953910.00
24029,"Kent, MD",831822.00
24031,"Montgomery, MD",86116398.00
24033,"Prince George's, MD",41879165.00
24035,"Queen Anne's, MD",1668547.00
24037,"St. Mary's, MD",6611288.00
24039,"Somerset, MD",918716.00
24041,"Talbot, MD",1983724.00
24043,"Washington, MD",7053214.00
24045,"Wicomico, MD",4915684.00
24047,"Worcester, MD",2761060.00
24510,"Baltimore (Independent City), MD",45594014.00
25001,"Barnstable, MA",12459842.00
25003,"Berkshire, MA",6659360.00
25005,"Bristol, MA",23895996.00
25007,"Dukes, MA",1769760.00
25009,"Essex, MA",43173489.00
25011,"Franklin, MA",2807921.00
25013,"Hampden, MA",20997698.00
25015,"Hampshire, MA",6838493.00
25017,"Middlesex, MA",157384459.00
25019,"Nantucket, MA",1791518.00
25021,"Norfolk, MA",51010895.00
25023,"Plymouth, MA",23842961.00
25025,"Suffolk, MA",112691074.00
25027,"Worcester, MA",40731879.00
26001,"Alcona, MI",234458.00
26003,"Alger, MI",257950.00
26005,"Allegan, MI",4429115.00
26007,"Alpena, MI",1013753.00
26009,"Antrim, MI",560544.00
26011,"Arenac, MI",409206.00
26013,"Baraga, MI",259101.00
26015,"Barry, MI",1434575.00
26017,"Bay, MI",3481282.00
26019,"Benzie, MI",388078.00
26021,"Berrien, MI",6877563.00
26023,"Branch, MI",1313708.00
26025,"Calhoun, MI",5766360.00
26027,"Cass, MI",1021138.00
26029,"Charlevoix, MI",1116998.00
26031,"Cheboygan, MI",588424.00
26033,"Chippewa, MI",1074455.00
26035,"Clare, MI",868897.00
26037,"Clinton, MI",1773185.00
26039,"Crawford, MI",441864.00
26041,"Delta, MI",1174550.00
26043,"Dickinson, MI",1268113.00
26045,"Eaton, MI",4296062.00
26047,"Emmet, MI",1562456.00
26049,"Genesee, MI",13455676.00
26051,"Gladwin, MI",468988.00
26053,"Gogebic, MI",465509.00
26055,"Grand Traverse, MI",4668753.00
26057,"Gratiot, MI",1291648.00
26059,"Hillsdale, MI",1494487.00
26061,"Houghton, MI",1111719.00
26063,"Huron, MI",1357151.00
26065,"Ingham, MI",14491884.00
26067,"Ionia, MI",1539368.00
26069,"Iosco, MI",713289.00
26071,"Iron, MI",320439.00
26073,"Isabella, MI",2263492.00
26075,"Jackson, MI",5662101.00
26077,"Kalamazoo, MI",12530386.00
26079,"Kalkaska, MI",537710.00
26081,"Kent, MI",38895591.00
26083,"Keweenaw, MI",62345.00
26085,"Lake, MI",210873.00
26087,"Lapeer, MI",1993372.00
26089,"Leelanau, MI",644548.00
26091,"Lenawee, MI",2674402.00
26093,"Livingston, MI",6289053.00
26095,"Luce, MI",178540.00
26097,"Mackinac, MI",620632.00
26099,"Macomb, MI",36366570.00
26101,"Manistee, MI",698720.00
26103,"Marquette, MI",3091552.00
26105,"Mason, MI",1021720.00
26107,"Mecosta, MI",1175082.00
26109,"Menominee, MI",699327.00
26111,"Midland, MI",4917510.00
26113,"Missaukee, MI",358710.00
26115,"Monroe, MI",5644944.00
26117,"Montcalm, MI",1594841.00
26119,"Montmorency, MI",274225.00
26121,"Muskegon, MI",6004546.00
26123,"Newaygo, MI",1275064.00
26125,"Oakland, MI",100906866.00
26127,"Oceana, MI",718437.00
26129,"Ogemaw, MI",567601.00
26131,"Ontonagon, MI",142264.00
26133,"Osceola, MI",673677.00
26135,"Oscoda, MI",209237.00
26137,"Otsego, MI",929428.00
26139,"Ottawa, MI",13219620.00
26141,"Presque Isle, MI",398223.00
26143,"Roscommon, MI",581803.00
26145,"Saginaw, MI",8120484.00
26147,"St. Clair, MI",5122024.00
26149,"St. Joseph, MI",1903755.00
26151,"Sanilac, MI",1134210.00
26153,"Schoolcraft, MI",311523.00
26155,"Shiawassee, MI",1684436.00
26157,"Tuscola, MI",1302518.00
26159,"Van Buren, MI",2709396.00
26161,"Washtenaw, MI",21963864.00
26163,"Wayne, MI",88005730.00
26165,"Wexford, MI",1208119.00
27001,"Aitkin, MN",435031.00
27003,"Anoka, MN",13920520.00
27005,"Becker, MN",1274964.00
27007,"Beltrami, MN",1616550.00
27009,"Benton, MN",1548963.00
27011,"Big Stone, MN",244870.00
27013,"Blue Earth, MN",4007832.00
27015,"Brown, MN",1348618.00
27017,"Carlton, MN",1131080.00
27019,"Carver, MN",4982250.00
27021,"Cass, MN",891066.00
27023,"Chippewa, MN",589368.00
27025,"Chisago, MN",1418665.00
27027,"Clay, MN",1837525.00
27029,"Clearwater, MN",281698.00
27031,"Cook, MN",252026.00
27033,"Cottonwood, MN",701471.00
27035,"Crow Wing, MN",2495344.00
27037,"Dakota, MN",25800389.00
27039,"Dodge, MN",687774.00
27041,"Douglas, MN",1820998.00
27043,"Faribault, MN",499879.00
27045,"Fillmore, MN",600821.00
27047,"Freeborn, MN",1137572.00
27049,"Goodhue, MN",2690313.00
27051,"Grant, MN",332796.00
27053,"Hennepin, MN",122552072.00
27055,"Houston, MN",523549.00
27057,"Hubbard, MN",670585.00
27059,"Isanti, MN",1095281.00
27061,"Itasca, MN",2079149.00
27063,"Jackson, MN",671346.00
27065,"Kanabec, MN",383613.00
27067,"Kandiyohi, MN",2561566.00
27069,"Kittson, MN",287951.00
27071,"Koochiching, MN",483803.00
27073,"Lac qui Parle, MN",355101.00
27075,"Lake, MN",678920.00
27077,"Lake of the Woods, MN",185363.00
27079,"Le Sueur, MN",909516.00
27081,"Lincoln, MN",353748.00
27083,"Lyon, MN",1378792.00
27085,"McLeod, MN",1782458.00
27087,"Mahnomen, MN",182241.00
27089,"Marshall, MN",374093.00
27091,"Martin, MN",1024825.00
27093,"Meeker, MN",803213.00
27095,"Mille Lacs, MN",766914.00
27097,"Morrison, MN",1177187.00
27099,"Mower, MN",1897575.00
27101,"Murray, MN",609134.00
27103,"Nicollet, MN",1468349.00
27105,"Nobles, MN",1277102.00
27107,"Norman, MN",271725.00
27109,"Olmsted, MN",10738821.00
27111,"Otter Tail, MN",2282953.00
27113,"Pennington, MN",1182547.00
27115,"Pine, MN",658912.00
27117,"Pipestone, MN",744267.00
27119,"Polk, MN",1391103.00
27121,"Pope, MN",562130.00
27123,"Ramsey, MN",39057292.00
27125,"Red Lake, MN",229702.00
27127,"Redwood, MN",825495.00
27129,"Renville, MN",730537.00
27131,"Rice, MN",2303295.00
27133,"Rock, MN",708120.00
27135,"Roseau, MN",1225610.00
27137,"St. Louis, MN",10625233.00
27139,"Scott, MN",5616653.00
27141,"Sherburne, MN",3183353.00
27143,"Sibley, MN",451649.00
27145,"Stearns, MN",7972940.00
27147,"Steele, MN",2177534.00
27149,"Stevens, MN",644872.00
27151,"Swift, MN",504392.00
27153,"Todd, MN",820431.00
27155,"Traverse, MN",260710.00
27157,"Wabasha, MN",656788.00
27159,"Wadena, MN",487209.00
27161,"Waseca, MN",825656.00
27163,"Washington, MN",9752907.00
27165,"Watonwan, MN",418797.00
27167,"Wilkin, MN",330518.00
27169,"Winona, MN",2509223.00
27171,"Wright, MN",4002893.00
27173,"Yellow Medicine, MN",620648.00
28001,"Adams, MS",882622.00
28003,"Alcorn, MS",1155768.00
28005,"Amite, MS",198523.00
28007,"Attala, MS",448492.00
28009,"Benton, MS",317952.00
28011,"Bolivar, MS",961922.00
28013,"Calhoun, MS",288383.00
28015,"Carroll, MS",120154.00
28017,"Chickasaw, MS",456335.00
28019,"Choctaw, MS",702981.00
28021,"Claiborne, MS",583666.00
28023,"Clarke, MS",272738.00
28025,"Clay, MS",556167.00
28027,"Coahoma, MS",606094.00
28029,"Copiah, MS",615130.00
28031,"Covington, MS",541807.00
28033,"DeSoto, MS",5006943.00
28035,"Forrest, MS",3614553.00
28037,"Franklin, MS",169746.00
28039,"George, MS",398739.00
28041,"Greene, MS",154787.00
28043,"Grenada, MS",763469.00
28045,"Hancock, MS",1558572.00
28047,"Harrison, MS",7904206.00
28049,"Hinds, MS",11214681.00
28051,"Holmes, MS",260493.00
28053,"Humphreys, MS",157389.00
28055,"Issaquena, MS",18356.00
28057,"Itawamba, MS",486520.00
28059,"Jackson, MS",7522803.00
28061,"Jasper, MS",562536.00
28063,"Jefferson, MS",119131.00
28065,"Jefferson Davis, MS",181652.00
28067,"Jones, MS",2559289.00
28069,"Kemper, MS",375017.00
28071,"Lafayette, MS",1869337.00
28073,"Lamar, MS",1529539.00
28075,"Lauderdale, MS",2764388.00
28077,"Lawrence, MS",312487.00
28079,"Leake, MS",512026.00
28081,"Lee, MS",4298512.00
28083,"Leflore, MS",1085376.00
28085,"Lincoln, MS",986481.00
28087,"Lowndes, MS",2763507.00
28089,"Madison, MS",5897999.00
28091,"Marion, MS",686845.00
28093,"Marshall, MS",566797.00
28095,"Monroe, MS",813248.00
28097,"Montgomery, MS",181152.00
28099,"Neshoba, MS",932420.00
28101,"Newton, MS",449755.00
28103,"Noxubee, MS",222115.00
28105,"Oktibbeha, MS",1549445.00
28107,"Panola, MS",1028548.00
28109,"Pearl River, MS",973835.00
28111,"Perry, MS",252394.00
28113,"Pike, MS",1069594.00
28115,"Pontotoc, MS",845698.00
28117,"Prentiss, MS",522245.00
28119,"Quitman, MS",98309.00
28121,"Rankin, MS",6194331.00
28123,"Scott, MS",1068770.00
28125,"Sharkey, MS",87344.00
28127,"Simpson, MS",604922.00
28129,"Smith, MS",454413.00
28131,"Stone, MS",327501.00
28133,"Sunflower, MS",604682.00
28135,"Tallahatchie, MS",224596.00
28137,"Tate, MS",465681.00
28139,"Tippah, MS",483157.00
28141,"Tishomingo, MS",442011.00
28143,"Tunica, MS",872019.00
28145,"Union, MS",951834.00
28147,"Walthall, MS",243772.00
28149,"Warren, MS",2044502.00
28151,"Washington, MS",1459333.00
28153,"Wayne, MS",672801.00
28155,"Webster, MS",153603.00
28157,"Wilkinson, MS",149871.00
28159,"Winston, MS",490733.00
28161,"Yalobusha, MS",280411.00
28163,"Yazoo, MS",656888.00
29001,"Adair, MO",767444.00
29003,"Andrew, MO",296886.00
29005,"Atchison, MO",283842.00
29007,"Audrain, MO",936372.00
29009,"Barry, MO",1310883.00
29011,"Barton, MO",359400.00
29013,"Bates, MO",401456.00
29015,"Benton, MO",350835.00
29017,"Bollinger, MO",187918.00
29019,"Boone, MO",8140223.00
29021,"Buchanan, MO",4291237.00
29023,"Butler, MO",1375966.00
29025,"Caldwell, MO",228120.00
29027,"Callaway, MO",1617194.00
29029,"Camden, MO",1319233.00
29031,"Cape Girardeau, MO",3644297.00
29033,"Carroll, MO",295657.00
29035,"Carter, MO",119057.00
29037,"Cass, MO",2538540.00
29039,"Cedar, MO",264220.00
29041,"Chariton, MO",221358.00
29043,"Christian, MO",1397263.00
29045,"Clark, MO",144655.00
29047,"Clay, MO",10039988.00
29049,"Clinton, MO",353171.00
29051,"Cole, MO",4238180.00
29053,"Cooper, MO",461225.00
29055,"Crawford, MO",575031.00
29057,"Dade, MO",174567.00
29059,"Dallas, MO",263392.00
29061,"Daviess, MO",182591.00
29063,"DeKalb, MO",313421.00
29065,"Dent, MO",303430.00
29067,"Douglas, MO",599286.00
29069,"Dunklin, MO",735316.00
29071,"Franklin, MO",4003073.00
29073,"Gasconade, MO",401043.00
29075,"Gentry, MO",231416.00
29077,"Greene, MO",15023186.00
29079,"Grundy, MO",454537.00
29081,"Harrison, MO",275583.00
29083,"Henry, MO",685543.00
29085,"Hickory, MO",127499.00
29087,"Holt, MO",172856.00
29089,"Howard, MO",226353.00
29091,"Howell, MO",1121522.00
29093,"Iron, MO",424616.00
29095,"Jackson, MO",42122646.00
29097,"Jasper, MO",5292144.00
29099,"Jefferson, MO",4756553.00
29101,"Johnson, MO",1569223.00
29103,"Knox, MO",118291.00
29105,"Laclede, MO",1038697.00
29107,"Lafayette, MO",746666.00
29109,"Lawrence, MO",821750.00
29111,"Lewis, MO",227307.00
29113,"Lincoln, MO",1031761.00
29115,"Linn, MO",402930.00
29117,"Livingston, MO",570965.00
29119,"McDonald, MO",556802.00
29121,"Macon, MO",530496.00
29123,"Madison, MO",266746.00
29125,"Maries, MO",139712.00
29127,"Marion, MO",1053998.00
29129,"Mercer, MO",109836.00
29131,"Miller, MO",888047.00
29133,"Mississippi, MO",367791.00
29135,"Moniteau, MO",425073.00
29137,"Monroe, MO",271330.00
29139,"Montgomery, MO",315741.00
29141,"Morgan, MO",453177.00
29143,"New Madrid, MO",1116867.00
29145,"Newton, MO",1720273.00
29147,"Nodaway, MO",730282.00
29149,"Oregon, MO",207913.00
29151,"Osage, MO",401744.00
29153,"Ozark, MO",148828.00
29155,"Pemiscot, MO",423612.00
29157,"Perry, MO",864963.00
29159,"Pettis, MO",1539823.00
29161,"Phelps, MO",1495213.00
29163,"Pike, MO",481033.00
29165,"Platte, MO",5965298.00
29167,"Polk, MO",691552.00
29169,"Pulaski, MO",2022292.00
29171,"Putnam, MO",126767.00
29173,"Ralls, MO",365560.00
29175,"Randolph, MO",1155633.00
29177,"Ray, MO",413204.00
29179,"Reynolds, MO",222126.00
29181,"Ripley, MO",204642.00
29183,"St. Charles, MO",14793630.00
29185,"St. Clair, MO",150092.00
29186,"Ste. Genevieve, MO",619144.00
29187,"St. Francois, MO",2037226.00
29189,"St. Louis, MO",71640132.00
29195,"Saline, MO",943201.00
29197,"Schuyler, MO",72701.00
29199,"Scotland, MO",129648.00
29201,"Scott, MO",1401953.00
29203,"Shannon, MO",120956.00
29205,"Shelby, MO",171298.00
29207,"Stoddard, MO",1115134.00
29209,"Stone, MO",580730.00
29211,"Sullivan, MO",257647.00
29213,"Taney, MO",2133363.00
29215,"Texas, MO",429362.00
29217,"Vernon, MO",882387.00
29219,"Warren, MO",958900.00
29221,"Washington, MO",353922.00
29223,"Wayne, MO",216719.00
29225,"Webster, MO",665452.00
29227,"Worth, MO",70455.00
29229,"Wright, MO",369051.00
29510,"St. Louis (Independent City), MO",28460911.00
30001,"Beaverhead, MT",394127.00
30003,"Big Horn, MT",962622.00
30005,"Blaine, MT",197201.00
30007,"Broadwater, MT",117975.00
30009,"Carbon, MT",251273.00
30011,"Carter, MT",79564.00
30013,"Cascade, MT",3782722.00
30015,"Chouteau, MT",209992.00
30017,"Custer, MT",450836.00
30019,"Daniels, MT",86163.00
30021,"Dawson, MT",416817.00
30023,"Deer Lodge, MT",257985.00
30025,"Fallon, MT",213696.00
30027,"Fergus, MT",418322.00
30029,"Flathead, MT",3726973.00
30031,"Gallatin, MT",5178452.00
30033,"Garfield, MT",55437.00
30035,"Glacier, MT",430957.00
30037,"Golden Valley, MT",26293.00
30039,"Granite, MT",87528.00
30041,"Hill, MT",740055.00
30043,"Jefferson, MT",256987.00
30045,"Judith Basin, MT",172725.00
30047,"Lake, MT",710824.00
30049,"Lewis and Clark, MT",3083311.00
30051,"Liberty, MT",174082.00
30053,"Lincoln, MT",491930.00
30055,"McCone, MT",99139.00
30057,"Madison, MT",382680.00
30059,"Meagher, MT",79932.00
30061,"Mineral, MT",86029.00
30063,"Missoula, MT",5004429.00
30065,"Musselshell, MT",296292.00
30067,"Park, MT",512732.00
30069,"Petroleum, MT",22506.00
30071,"Phillips, MT",132090.00
30073,"Pondera, MT",172592.00
30075,"Powder River, MT",99244.00
30077,"Powell, MT",190670.00
30079,"Prairie, MT",36443.00
30081,"Ravalli, MT",972076.00
30083,"Richland, MT",985176.00
30085,"Roosevelt, MT",429720.00
30087,"Rosebud, MT",781232.00
30089,"Sanders, MT",296745.00
30091,"Sheridan, MT",234348.00
30093,"Silver Bow, MT",1378646.00
30095,"Stillwater, MT",621154.00
30097,"Sweet Grass, MT",244249.00
30099,"Teton, MT",252910.00
30101,"Toole, MT",285082.00
30103,"Treasure, MT",101938.00
30105,"Valley, MT",290784.00
30107,"Wheatland, MT",97636.00
30109,"Wibaux, MT",76035.00
30111,"Yellowstone, MT",8875311.00
31001,"Adams, NE",1697971.00
31003,"Antelope, NE",397969.00
31005,"Arthur, NE",29322.00
31007,"Banner, NE",68444.00
31009,"Blaine, NE",23606.00
31011,"Boone, NE",451375.00
31013,"Box Butte, NE",576177.00
31015,"Boyd, NE",166144.00
31017,"Brown, NE",232081.00
31019,"Buffalo, NE",2588065.00
31021,"Burt, NE",401761.00
31023,"Butler, NE",283009.00
31025,"Cass, NE",888860.00
31027,"Cedar, NE",551518.00
31029,"Chase, NE",238371.00
31031,"Cherry, NE",318031.00
31033,"Cheyenne, NE",572030.00
31035,"Clay, NE",279423.00
31037,"Colfax, NE",675670.00
31039,"Cuming, NE",881546.00
31041,"Custer, NE",632937.00
31043,"Dakota, NE",1320460.00
31045,"Dawes, NE",292301.00
31047,"Dawson, NE",1411429.00
31049,"Deuel, NE",76752.00
31051,"Dixon, NE",287658.00
31053,"Dodge, NE",1886102.00
31055,"Douglas, NE",41051019.00
31057,"Dundy, NE",127078.00
31059,"Fillmore, NE",334352.00
31061,"Franklin, NE",74235.00
31063,"Frontier, NE",146318.00
31065,"Furnas, NE",260230.00
31067,"Gage, NE",1059874.00
31069,"Garden, NE",62411.00
31071,"Garfield, NE",111807.00
31073,"Gosper, NE",106431.00
31075,"Grant, NE",36280.00
31077,"Greeley, NE",90759.00
31079,"Hall, NE",3274814.00
31081,"Hamilton, NE",516602.00
31083,"Harlan, NE",197579.00
31085,"Hayes, NE",41260.00
31087,"Hitchcock, NE",141801.00
31089,"Holt, NE",684504.00
31091,"Hooker, NE",53424.00
31093,"Howard, NE",179026.00
31095,"Jefferson, NE",929207.00
31097,"Johnson, NE",242336.00
31099,"Kearney, NE",394360.00
31101,"Keith, NE",360919.00
31103,"Keya Paha, NE",75076.00
31105,"Kimball, NE",178149.00
31107,"Knox, NE",465611.00
31109,"Lancaster, NE",16557682.00
31111,"Lincoln, NE",2184894.00
31113,"Logan, NE",35375.00
31115,"Loup, NE",36407.00
31117,"McPherson, NE",34887.00
31119,"Madison, NE",2342025.00
31121,"Merrick, NE",370977.00
31123,"Morrill, NE",532896.00
31125,"Nance, NE",143491.00
31127,"Nemaha, NE",702909.00
31129,"Nuckolls, NE",279862.00
31131,"Otoe, NE",1406119.00
31133,"Pawnee, NE",180684.00
31135,"Perkins, NE",234680.00
31137,"Phelps, NE",895982.00
31139,"Pierce, NE",350960.00
31141,"Platte, NE",2560802.00
31143,"Polk, NE",297542.00
31145,"Red Willow, NE",521965.00
31147,"Richardson, NE",321024.00
31149,"Rock, NE",75430.00
31151,"Saline, NE",874940.00
31153,"Sarpy, NE",6860214.00
31155,"Saunders, NE",709898.00
31157,"Scotts Bluff, NE",1499979.00
31159,"Seward, NE",683617.00
31161,"Sheridan, NE",238816.00
31163,"Sherman, NE",128385.00
31165,"Sioux, NE",67340.00
31167,"Stanton, NE",359343.00
31169,"Thayer, NE",458204.00
31171,"Thomas, NE",54706.00
31173,"Thurston, NE",533816.00
31175,"Valley, NE",220328.00
31177,"Washington, NE",1084508.00
31179,"Wayne, NE",469606.00
31181,"Webster, NE",266992.00
31183,"Wheeler, NE",200951.00
31185,"York, NE",778417.00
32001,"Churchill, NV",1038391.00
32003,"Clark, NV",107622947.00
32005,"Douglas, NV",2354292.00
32007,"Elko, NV",2647073.00
32009,"Esmeralda, NV",88757.00
32011,"Eureka, NV",1602010.00
32013,"Humboldt, NV",1203099.00
32015,"Lander, NV",905873.00
32017,"Lincoln, NV",182133.00
32019,"Lyon, NV",1428585.00
32021,"Mineral, NV",228422.00
32023,"Nye, NV",1609430.00
32027,"Pershing, NV",363785.00
32029,"Storey, NV",1485373.00
32031,"Washoe, NV",22976437.00
32033,"White Pine, NV",705080.00
32510,"Carson City (Independent City), NV",3240155.00
33001,"Belknap, NH",2673442.00
33003,"Carroll, NH",2029530.00
33005,"Cheshire, NH",3376138.00
33007,"Coos, NH",1146857.00
33009,"Grafton, NH",5996422.00
33011,"Hillsborough, NH",25514840.00
33013,"Merrimack, NH",8883678.00
33015,"Rockingham, NH",18938880.00
33017,"Strafford, NH",5764984.00
33019,"Sullivan, NH",1518317.00
34001,"Atlantic, NJ",12863458.00
34003,"Bergen, NJ",66148892.00
34005,"Burlington, NJ",25242828.00
34007,"Camden, NJ",23773431.00
34009,"Cape May, NJ",4852632.00
34011,"Cumberland, NJ",6051881.00
34013,"Essex, NJ",52311173.00
34015,"Gloucester, NJ",14353051.00
34017,"Hudson, NJ",44690400.00
34019,"Hunterdon, NJ",6811313.00
34021,"Mercer, NJ",28459499.00
34023,"Middlesex, NJ",58319626.00
34025,"Monmouth, NJ",31954708.00
34027,"Morris, NJ",52564871.00
34029,"Ocean, NJ",18862944.00
34031,"Passaic, NJ",21166615.00
34033,"Salem, NJ",5000437.00
34035,"Somerset, NJ",37343694.00
34037,"Sussex, NJ",4478411.00
34039,"Union, NJ",36426964.00
34041,"Warren, NJ",4183193.00
35001,"Bernalillo, NM",33852532.00
35003,"Catron, NM",75309.00
35005,"Chaves, NM",2003504.00
35006,"Cibola, NM",614425.00
35007,"Colfax, NM",411440.00
35009,"Curry, NM",3024286.00
35011,"De Baca, NM",50467.00
35013,"Doña Ana, NM",6757266.00
35015,"Eddy, NM",8235321.00
35017,"Grant, NM",1170854.00
35019,"Guadalupe, NM",124670.00
35021,"Harding, NM",110695.00
35023,"Hidalgo, NM",193173.00
35025,"Lea, NM",7791593.00
35027,"Lincoln, NM",590517.00
35028,"Los Alamos, NM",2128143.00
35029,"Luna, NM",754364.00
35031,"McKinley, NM",2422005.00
35033,"Mora, NM",76640.00
35035,"Otero, NM",2526350.00
35037,"Quay, NM",264816.00
35039,"Rio Arriba, NM",1343500.00
35041,"Roosevelt, NM",643474.00
35043,"Sandoval, NM",2991564.00
35045,"San Juan, NM",5812050.00
35047,"San Miguel, NM",588905.00
35049,"Santa Fe, NM",5825345.00
35051,"Sierra, NM",283461.00
35053,"Socorro, NM",476932.00
35055,"Taos, NM",875296.00
35057,"Torrance, NM",332211.00
35059,"Union, NM",214166.00
35061,"Valencia, NM",1261642.00
36001,"Albany, NY",27767672.00
36003,"Allegany, NY",1314918.00
36005,"Bronx, NY",42695638.00
36007,"Broome, NY",8981867.00
36009,"Cattaraugus, NY",2659316.00
36011,"Cayuga, NY",2455069.00
36013,"Chautauqua, NY",4795711.00
36015,"Chemung, NY",3625650.00
36017,"Chenango, NY",1973842.00
36019,"Clinton, NY",3554003.00
36021,"Columbia, NY",2234756.00
36023,"Cortland, NY",1780484.00
36025,"Delaware, NY",1738567.00
36027,"Dutchess, NY",12564796.00
36029,"Erie, NY",51595428.00
36031,"Essex, NY",1428868.00
36033,"Franklin, NY",1696153.00
36035,"Fulton, NY",1687432.00
36037,"Genesee, NY",2176156.00
36039,"Greene, NY",2057304.00
36041,"Hamilton, NY",250516.00
36043,"Herkimer, NY",1760557.00
36045,"Jefferson, NY",5910020.00
36047,"Kings, NY",91559456.00
36049,"Lewis, NY",926216.00
36051,"Livingston, NY",2021448.00
36053,"Madison, NY",2093954.00
36055,"Monroe, NY",43857509.00
36057,"Montgomery, NY",1796337.00
36059,"Nassau, NY",81196003.00
36061,"New York, NY",600244287.00
36063,"Niagara, NY",8730408.00
36065,"Oneida, NY",10131589.00
36067,"Onondaga, NY",28644000.00
36069,"Ontario, NY",5486118.00
36071,"Orange, NY",15425245.00
36073,"Orleans, NY",1244000.00
36075,"Oswego, NY",5992557.00
36077,"Otsego, NY",2269245.00
36079,"Putnam, NY",3056190.00
36081,"Queens, NY",93310007.00
36083,"Rensselaer, NY",6111679.00
36085,"Richmond, NY",14514449.00
36087,"Rockland, NY",18491409.00
36089,"St. Lawrence, NY",4325055.00
36091,"Saratoga, NY",10178558.00
36093,"Schenectady, NY",7384149.00
36095,"Schoharie, NY",925013.00
36097,"Schuyler, NY",541201.00
36099,"Seneca, NY",1247337.00
36101,"Steuben, NY",5127024.00
36103,"Suffolk, NY",81211899.00
36105,"Sullivan, NY",2619796.00
36107,"Tioga, NY",1860690.00
36109,"Tompkins, NY",5412942.00
36111,"Ulster, NY",6237082.00
36113,"Warren, NY",3674608.00
36115,"Washington, NY",1678558.00
36117,"Wayne, NY",3369099.00
36119,"Westchester, NY",73404644.00
36121,"Wyoming, NY",1505437.00
36123,"Yates, NY",834674.00
37001,"Alamance, NC",5364474.00
37003,"Alexander, NC",842421.00
37005,"Alleghany, NC",435819.00
37007,"Anson, NC",742405.00
37009,"Ashe, NC",723421.00
37011,"Avery, NC",561233.00
37013,"Beaufort, NC",1458160.00
37015,"Bertie, NC",575857.00
37017,"Bladen, NC",1495126.00
37019,"Brunswick, NC",3648227.00
37021,"Buncombe, NC",11793788.00
37023,"Burke, NC",2583060.00
37025,"Cabarrus, NC",6399369.00
37027,"Caldwell, NC",2347493.00
37029,"Camden, NC",150096.00
37031,"Carteret, NC",2088792.00
37033,"Caswell, NC",424740.00
37035,"Catawba, NC",8261212.00
37037,"Chatham, NC",1384426.00
37039,"Cherokee, NC",698213.00
37041,"Chowan, NC",480691.00
37043,"Clay, NC",192692.00
37045,"Cleveland, NC",3593630.00
37047,"Columbus, NC",1321227.00
37049,"Craven, NC",4360609.00
37051,"Cumberland, NC",16269352.00
37053,"Currituck, NC",632304.00
37055,"Dare, NC",1787834.00
37057,"Davidson, NC",4683171.00
37059,"Davie, NC",1167374.00
37061,"Duplin, NC",2122949.00
37063,"Durham, NC",35921840.00
37065,"Edgecombe, NC",1494281.00
37067,"Forsyth, NC",21641338.00
37069,"Franklin, NC",1279293.00
37071,"Gaston, NC",6804692.00
37073,"Gates, NC",148159.00
37075,"Graham, NC",234842.00
37077,"Granville, NC",2098627.00
37079,"Greene, NC",494686.00
37081,"Guilford, NC",31387797.00
37083,"Halifax, NC",1396171.00
37085,"Harnett, NC",2167983.00
37087,"Haywood, NC",1569361.00
37089,"Henderson, NC",4235883.00
37091,"Hertford, NC",780391.00
37093,"Hoke, NC",862833.00
37095,"Hyde, NC",256337.00
37097,"Iredell, NC",7394300.00
37099,"Jackson, NC",1287707.00
37101,"Johnston, NC",4571119.00
37103,"Jones, NC",171971.00
37105,"Lee, NC",3210730.00
37107,"Lenoir, NC",2577693.00
37109,"Lincoln, NC",2116667.00
37111,"McDowell, NC",1306127.00
37113,"Macon, NC",1009238.00
37115,"Madison, NC",370832.00
37117,"Martin, NC",614404.00
37119,"Mecklenburg, NC",97637010.00
37121,"Mitchell, NC",461212.00
37123,"Montgomery, NC",870571.00
37125,"Moore, NC",3190937.00
37127,"Nash, NC",7510036.00
37129,"New Hanover, NC",12296654.00
37131,"Northampton, NC",488283.00
37133,"Onslow, NC",8155742.00
37135,"Orange, NC",7675148.00
37137,"Pamlico, NC",274286.00
37139,"Pasquotank, NC",1414396.00
37141,"Pender, NC",1141947.00
37143,"Perquimans, NC",236000.00
37145,"Person, NC",1302748.00
37147,"Pitt, NC",7778281.00
37149,"Polk, NC",458682.00
37151,"Randolph, NC",3960189.00
37153,"Richmond, NC",1845375.00
37155,"Robeson, NC",3083812.00
37157,"Rockingham, NC",2957387.00
37159,"Rowan, NC",4829489.00
37161,"Rutherford, NC",1643630.00
37163,"Sampson, NC",2053485.00
37165,"Scotland, NC",982653.00
37167,"Stanly, NC",1749811.00
37169,"Stokes, NC",988135.00
37171,"Surry, NC",2447200.00
37173,"Swain, NC",534478.00
37175,"Transylvania, NC",963170.00
37177,"Tyrrell, NC",105323.00
37179,"Union, NC",6210252.00
37181,"Vance, NC",1202825.00
37183,"Wake, NC",70297010.00
37185,"Warren, NC",323338.00
37187,"Washington, NC",253888.00
37189,"Watauga, NC",1924260.00
37191,"Wayne, NC",4714200.00
37193,"Wilkes, NC",2103352.00
37195,"Wilson, NC",3890550.00
37197,"Yadkin, NC",1053658.00
37199,"Yancey, NC",412309.00
38001,"Adams, ND",163724.00
38003,"Barnes, ND",659641.00
38005,"Benson, ND",213186.00
38007,"Billings, ND",123345.00
38009,"Bottineau, ND",358288.00
38011,"Bowman, ND",246299.00
38013,"Burke, ND",137304.00
38015,"Burleigh, ND",5212246.00
38017,"Cass, ND",11198520.00
38019,"Cavalier, ND",448729.00
38021,"Dickey, ND",292025.00
38023,"Divide, ND",192612.00
38025,"Dunn, ND",973681.00
38027,"Eddy, ND",115790.00
38029,"Emmons, ND",172102.00
38031,"Foster, ND",272478.00
38033,"Golden Valley, ND",77051.00
38035,"Grand Forks, ND",3740414.00
38037,"Grant, ND",82249.00
38039,"Griggs, ND",141446.00
38041,"Hettinger, ND",115597.00
38043,"Kidder, ND",135635.00
38045,"LaMoure, ND",280936.00
38047,"Logan, ND",192265.00
38049,"McHenry, ND",278859.00
38051,"McIntosh, ND",185579.00
38053,"McKenzie, ND",2956333.00
38055,"McLean, ND",753102.00
38057,"Mercer, ND",957979.00
38059,"Morton, ND",1477280.00
38061,"Mountrail, ND",1518221.00
38063,"Nelson, ND",155934.00
38065,"Oliver, ND",256140.00
38067,"Pembina, ND",359871.00
38069,"Pierce, ND",262660.00
38071,"Ramsey, ND",516137.00
38073,"Ransom, ND",249745.00
38075,"Renville, ND",146690.00
38077,"Richland, ND",950729.00
38079,"Rolette, ND",374598.00
38081,"Sargent, ND",854986.00
38083,"Sheridan, ND",40615.00
38085,"Sioux, ND",129712.00
38087,"Slope, ND",57324.00
38089,"Stark, ND",2523736.00
38091,"Steele, ND",183572.00
38093,"Stutsman, ND",1337331.00
38095,"Towner, ND",125071.00
38097,"Traill, ND",397360.00
38099,"Walsh, ND",487946.00
38101,"Ward, ND",3733225.00
38103,"Wells, ND",268583.00
38105,"Williams, ND",5435976.00
39001,"Adams, OH",835269.00
39003,"Allen, OH",7558930.00
39005,"Ashland, OH",1627015.00
39007,"Ashtabula, OH",2781238.00
39009,"Athens, OH",1899070.00
39011,"Auglaize, OH",2234651.00
39013,"Belmont, OH",6153399.00
39015,"Brown, OH",785545.00
39017,"Butler, OH",18352682.00
39019,"Carroll, OH",3157285.00
39021,"Champaign, OH",1058604.00
39023,"Clark, OH",4414081.00
39025,"Clermont, OH",7620619.00
39027,"Clinton, OH",1933426.00
39029,"Columbiana, OH",2970872.00
39031,"Coshocton, OH",1331966.00
39033,"Crawford, OH",1235200.00
39035,"Cuyahoga, OH",88717686.00
39037,"Darke, OH",1841018.00
39039,"Defiance, OH",1710144.00
39041,"Delaware, OH",9853034.00
39043,"Erie, OH",4996510.00
39045,"Fairfield, OH",3795258.00
39047,"Fayette, OH",2311461.00
39049,"Franklin, OH",86497107.00
39051,"Fulton, OH",1984068.00
39053,"Gallia, OH",2158774.00
39055,"Geauga, OH",3733117.00
39057,"Greene, OH",8796649.00
39059,"Guernsey, OH",2607037.00
39061,"Hamilton, OH",66977577.00
39063,"Hancock, OH",5242941.00
39065,"Hardin, OH",952308.00
39067,"Harrison, OH",1996217.00
39069,"Henry, OH",1142699.00
39071,"Highland, OH",1025946.00
39073,"Hocking, OH",586310.00
39075,"Holmes, OH",2211791.00
39077,"Huron, OH",2163662.00
39079,"Jackson, OH",899289.00
39081,"Jefferson, OH",3836529.00
39083,"Knox, OH",1893132.00
39085,"Lake, OH",10482488.00
39087,"Lawrence, OH",1626548.00
39089,"Licking, OH",5577325.00
39091,"Logan, OH",1921506.00
39093,"Lorain, OH",10027706.00
39095,"Lucas, OH",24726798.00
39097,"Madison, OH",1689443.00
39099,"Mahoning, OH",8660236.00
39101,"Marion, OH",2688988.00
39103,"Medina, OH",6362804.00
39105,"Meigs, OH",364284.00
39107,"Mercer, OH",2157710.00
39109,"Miami, OH",4056603.00
39111,"Monroe, OH",3348767.00
39113,"Montgomery, OH",25846635.00
39115,"Morgan, OH",305891.00
39117,"Morrow, OH",560880.00
39119,"Muskingum, OH",3650728.00
39121,"Noble, OH",1222413.00
39123,"Ottawa, OH",1826546.00
39125,"Paulding, OH",583138.00
39127,"Perry, OH",716005.00
39129,"Pickaway, OH",1703465.00
39131,"Pike, OH",1721831.00
39133,"Portage, OH",5443756.00
39135,"Preble, OH",1130191.00
39137,"Putnam, OH",1288471.00
39139,"Richland, OH",4395247.00
39141,"Ross, OH",2585225.00
39143,"Sandusky, OH",2645958.00
39145,"Scioto, OH",2879940.00
39147,"Seneca, OH",1691055.00
39149,"Shelby, OH",2946112.00
39151,"Stark, OH",15368075.00
39153,"Summit, OH",27469578.00
39155,"Trumbull, OH",7324549.00
39157,"Tuscarawas, OH",3427629.00
39159,"Union, OH",3699605.00
39161,"Van Wert, OH",1280158.00
39163,"Vinton, OH",284889.00
39165,"Warren, OH",9800470.00
39167,"Washington, OH",3258342.00
39169,"Wayne, OH",5065142.00
39171,"Williams, OH",1603752.00
39173,"Wood, OH",6283101.00
39175,"Wyandot, OH",1001495.00
40001,"Adair, OK",408031.00
40003,"Alfalfa, OK",298710.00
40005,"Atoka, OK",295589.00
40007,"Beaver, OK",394575.00
40009,"Beckham, OK",1290829.00
40011,"Blaine, OK",387582.00
40013,"Bryan, OK",1384160.00
40015,"Caddo, OK",830123.00
40017,"Canadian, OK",4179430.00
40019,"Carter, OK",2774940.00
40021,"Cherokee, OK",1089457.00
40023,"Choctaw, OK",401704.00
40025,"Cimarron, OK",227759.00
40027,"Cleveland, OK",7136979.00
40029,"Coal, OK",113178.00
40031,"Comanche, OK",4449256.00
40033,"Cotton, OK",154329.00
40035,"Craig, OK",437043.00
40037,"Creek, OK",1772087.00
40039,"Custer, OK",1608792.00
40041,"Delaware, OK",781897.00
40043,"Dewey, OK",287368.00
40045,"Ellis, OK",310260.00
40047,"Garfield, OK",3391713.00
40049,"Garvin, OK",1442473.00
40051,"Grady, OK",1325781.00
40053,"Grant, OK",410720.00
40055,"Greer, OK",101044.00
40057,"Harmon, OK",70276.00
40059,"Harper, OK",292756.00
40061,"Haskell, OK",334121.00
40063,"Hughes, OK",336760.00
40065,"Jackson, OK",1161027.00
40067,"Jefferson, OK",130558.00
40069,"Johnston, OK",356917.00
40071,"Kay, OK",1704780.00
40073,"Kingfisher, OK",947739.00
40075,"Kiowa, OK",209120.00
40077,"Latimer, OK",370132.00
40079,"Le Flore, OK",1361405.00
40081,"Lincoln, OK",658277.00
40083,"Logan, OK",614523.00
40085,"Love, OK",396813.00
40087,"McClain, OK",956594.00
40089,"McCurtain, OK",881333.00
40091,"McIntosh, OK",313643.00
40093,"Major, OK",450856.00
40095,"Marshall, OK",498737.00
40097,"Mayes, OK",1438706.00
40099,"Murray, OK",498180.00
40101,"Muskogee, OK",2912342.00
40103,"Noble, OK",611248.00
40105,"Nowata, OK",176012.00
40107,"Okfuskee, OK",202438.00
40109,"Oklahoma, OK",64803045.00
40111,"Okmulgee, OK",803796.00
40113,"Osage, OK",839531.00
40115,"Ottawa, OK",889795.00
40117,"Pawnee, OK",345675.00
40119,"Payne, OK",3083512.00
40121,"Pittsburg, OK",1690497.00
40123,"Pontotoc, OK",2013020.00
40125,"Pottawatomie, OK",1864658.00
40127,"Pushmataha, OK",205875.00
40129,"Roger Mills, OK",136434.00
40131,"Rogers, OK",2549812.00
40133,"Seminole, OK",711545.00
40135,"Sequoyah, OK",640722.00
40137,"Stephens, OK",1484321.00
40139,"Texas, OK",1474341.00
40141,"Tillman, OK",303769.00
40143,"Tulsa, OK",46158530.00
40145,"Wagoner, OK",1018993.00
40147,"Washington, OK",7936430.00
40149,"Washita, OK",249218.00
40151,"Woods, OK",717358.00
40153,"Woodward, OK",1271241.00
41001,"Baker, OR",580947.00
41003,"Benton, OR",4705402.00
41005,"Clackamas, OR",19580688.00
41007,"Clatsop, OR",1740163.00
41009,"Columbia, OR",1206750.00
41011,"Coos, OR",2091146.00
41013,"Crook, OR",697812.00
41015,"Curry, OR",624680.00
41017,"Deschutes, OR",8195615.00
41019,"Douglas, OR",3382950.00
41021,"Gilliam, OR",300239.00
41023,"Grant, OR",270450.00
41025,"Harney, OR",275187.00
41027,"Hood River, OR",1143163.00
41029,"Jackson, OR",8219635.00
41031,"Jefferson, OR",690490.00
41033,"Josephine, OR",2554777.00
41035,"Klamath, OR",2234621.00
41037,"Lake, OR",286236.00
41039,"Lane, OR",15067333.00
41041,"Lincoln, OR",1757779.00
41043,"Linn, OR",4418178.00
41045,"Malheur, OR",1183673.00
41047,"Marion, OR",14356411.00
41049,"Morrow, OR",1084849.00
41051,"Multnomah, OR",59722160.00
41053,"Polk, OR",1800079.00
41055,"Sherman, OR",583912.00
41057,"Tillamook, OR",950167.00
41059,"Umatilla, OR",3387635.00
41061,"Union, OR",949249.00
41063,"Wallowa, OR",362181.00
41065,"Wasco, OR",1236735.00
41067,"Washington, OR",47541712.00
41069,"Wheeler, OR",64113.00
41071,"Yamhill, OR",3389781.00
42001,"Adams, PA",3487746.00
42003,"Allegheny, PA",86799511.00
42005,"Armstrong, PA",2344977.00
42007,"Beaver, PA",7129597.00
42009,"Bedford, PA",1505845.00
42011,"Berks, PA",18443415.00
42013,"Blair, PA",5354290.00
42015,"Bradford, PA",5109302.00
42017,"Bucks, PA",30571290.00
42019,"Butler, PA",10060376.00
42021,"Cambria, PA",4550684.00
42023,"Cameron, PA",243704.00
42025,"Carbon, PA",2201379.00
42027,"Centre, PA",7929168.00
42029,"Chester, PA",41947957.00
42031,"Clarion, PA",1203238.00
42033,"Clearfield, PA",2619560.00
42035,"Clinton, PA",1472252.00
42037,"Columbia, PA",2308721.00
42039,"Crawford, PA",2963429.00
42041,"Cumberland, PA",13853916.00
42043,"Dauphin, PA",21169400.00
42045,"Delaware, PA",30635413.00
42047,"Elk, PA",1469386.00
42049,"Erie, PA",11200594.00
42051,"Fayette, PA",4008354.00
42053,"Forest, PA",274369.00
42055,"Franklin, PA",5583610.00
42057,"Fulton, PA",663976.00
42059,"Greene, PA",4452185.00
42061,"Huntingdon, PA",1260972.00
42063,"Indiana, PA",3867491.00
42065,"Jefferson, PA",1569079.00
42067,"Juniata, PA",755938.00
42069,"Lackawanna, PA",9039506.00
42071,"Lancaster, PA",26442386.00
42073,"Lawrence, PA",2846290.00
42075,"Lebanon, PA",5659207.00
42077,"Lehigh, PA",21674408.00
42079,"Luzerne, PA",14876375.00
42081,"Lycoming, PA",6530249.00
42083,"McKean, PA",1865208.00
42085,"Mercer, PA",4101219.00
42087,"Mifflin, PA",1594976.00
42089,"Monroe, PA",5673380.00
42091,"Montgomery, PA",69918251.00
42093,"Montour, PA",1723924.00
42095,"Northampton, PA",12457389.00
42097,"Northumberland, PA",2920049.00
42099,"Perry, PA",880847.00
42101,"Philadelphia, PA",110734916.00
42103,"Pike, PA",1253930.00
42105,"Potter, PA",744771.00
42107,"Schuylkill, PA",4810715.00
42109,"Snyder, PA",1551086.00
42111,"Somerset, PA",2601860.00
42113,"Sullivan, PA",561999.00
42115,"Susquehanna, PA",5152922.00
42117,"Tioga, PA",2158993.00
42119,"Union, PA",1763808.00
42121,"Venango, PA",1744639.00
42123,"Warren, PA",1591424.00
42125,"Washington, PA",15025337.00
42127,"Wayne, PA",1526693.00
42129,"Westmoreland, PA",13083629.00
42131,"Wyoming, PA",2201326.00
42133,"York, PA",18675558.00
44001,"Bristol, RI",1546297.00
44003,"Kent, RI",8086479.00
44005,"Newport, RI",5328893.00
44007,"Providence, RI",32410449.00
44009,"Washington, RI",6252824.00
45001,"Abbeville, SC",532044.00
45003,"Aiken, SC",6009182.00
45005,"Allendale, SC",333219.00
45007,"Anderson, SC",6278912.00
45009,"Bamberg, SC",308519.00
45011,"Barnwell, SC",626073.00
45013,"Beaufort, SC",6565845.00
45015,"Berkeley, SC",7034739.00
45017,"Calhoun, SC",732086.00
45019,"Charleston, SC",27580595.00
45021,"Cherokee, SC",1926264.00
45023,"Chester, SC",1044555.00
45025,"Chesterfield, SC",1438869.00
45027,"Clarendon, SC",551261.00
45029,"Colleton, SC",910269.00
45031,"Darlington, SC",2272984.00
45033,"Dillon, SC",760294.00
45035,"Dorchester, SC",3090144.00
45037,"Edgefield, SC",539275.00
45039,"Fairfield, SC",1222682.00
45041,"Florence, SC",6747394.00
45043,"Georgetown, SC",2193408.00
45045,"Greenville, SC",27449115.00
45047,"Greenwood, SC",2613491.00
45049,"Hampton, SC",431300.00
45051,"Horry, SC",11205683.00
45053,"Jasper, SC",906749.00
45055,"Kershaw, SC",1823910.00
45057,"Lancaster, SC",3501614.00
45059,"Laurens, SC",3972703.00
45061,"Lee, SC",335137.00
45063,"Lexington, SC",10931139.00
45065,"McCormick, SC",189763.00
45067,"Marion, SC",526593.00
45069,"Marlboro, SC",719813.00
45071,"Newberry, SC",1351736.00
45073,"Oconee, SC",3480348.00
45075,"Orangeburg, SC",3115582.00
45077,"Pickens, SC",3412082.00
45079,"Richland, SC",23330091.00
45081,"Saluda, SC",383486.00
45083,"Spartanburg, SC",13481467.00
45085,"Sumter, SC",3773452.00
45087,"Union, SC",673529.00
45089,"Williamsburg, SC",729534.00
45091,"York, SC",10183072.00
46003,"Aurora, SD",150342.00
46005,"Beadle, SD",951722.00
46007,"Bennett, SD",68067.00
46009,"Bon Homme, SD",242541.00
46011,"Brookings, SD",1957992.00
46013,"Brown, SD",2025182.00
46015,"Brule, SD",291223.00
46017,"Buffalo, SD",99261.00
46019,"Butte, SD",289151.00
46021,"Campbell, SD",106786.00
46023,"Charles Mix, SD",652724.00
46025,"Clark, SD",179186.00
46027,"Clay, SD",616494.00
46029,"Codington, SD",1347759.00
46031,"Corson, SD",124679.00
46033,"Custer, SD",205608.00
46035,"Davison, SD",1028594.00
46037,"Day, SD",264913.00
46039,"Deuel, SD",277741.00
46041,"Dewey, SD",199284.00
46043,"Douglas, SD",250416.00
46045,"Edmunds, SD",188596.00
46047,"Fall River, SD",267271.00
46049,"Faulk, SD",91714.00
46051,"Grant, SD",514435.00
46053,"Gregory, SD",216574.00
46055,"Haakon, SD",109136.00
46057,"Hamlin, SD",214104.00
46059,"Hand, SD",185945.00
46061,"Hanson, SD",172033.00
46063,"Harding, SD",88038.00
46065,"Hughes, SD",1084280.00
46067,"Hutchinson, SD",497488.00
46069,"Hyde, SD",87885.00
46071,"Jackson, SD",70597.00
46073,"Jerauld, SD",218648.00
46075,"Jones, SD",71155.00
46077,"Kingsbury, SD",252344.00
46079,"Lake, SD",549295.00
46081,"Lawrence, SD",973243.00
46083,"Lincoln, SD",2200313.00
46085,"Lyman, SD",277536.00
46087,"McCook, SD",284634.00
46089,"McPherson, SD",76516.00
46091,"Marshall, SD",374220.00
46093,"Meade, SD",700392.00
46095,"Mellette, SD",33186.00
46097,"Miner, SD",135432.00
46099,"Minnehaha, SD",14349976.00
46101,"Moody, SD",321364.00
46102,"Oglala Lakota, SD*",299072.00
46103,"Pennington, SD",5148494.00
46105,"Perkins, SD",142255.00
46107,"Potter, SD",137557.00
46109,"Roberts, SD",327352.00
46111,"Sanborn, SD",169186.00
46115,"Spink, SD",281485.00
46117,"Stanley, SD",214228.00
46119,"Sully, SD",146973.00
46121,"Todd, SD",223426.00
46123,"Tripp, SD",302451.00
46125,"Turner, SD",473095.00
46127,"Union, SD",1261290.00
46129,"Walworth, SD",217629.00
46135,"Yankton, SD",1247817.00
46137,"Ziebach, SD",62201.00
47001,"Anderson, TN",4244637.00
47003,"Bedford, TN",1609446.00
47005,"Benton, TN",333275.00
47007,"Bledsoe, TN",210355.00
47009,"Blount, TN",4809024.00
47011,"Bradley, TN",4412936.00
47013,"Campbell, TN",806050.00
47015,"Cannon, TN",237659.00
47017,"Carroll, TN",688843.00
47019,"Carter, TN",1019574.00
47021,"Cheatham, TN",955278.00
47023,"Chester, TN",325061.00
47025,"Claiborne, TN",720230.00
47027,"Clay, TN",179229.00
47029,"Cocke, TN",1016848.00
47031,"Coffee, TN",2573478.00
47033,"Crockett, TN",530071.00
47035,"Cumberland, TN",1515362.00
47037,"Davidson, TN",63848008.00
47039,"Decatur, TN",313352.00
47041,"DeKalb, TN",711225.00
47043,"Dickson, TN",1624735.00
47045,"Dyer, TN",1449259.00
47047,"Fayette, TN",922002.00
47049,"Fentress, TN",417004.00
47051,"Franklin, TN",1016719.00
47053,"Gibson, TN",1410486.00
47055,"Giles, TN",988833.00
47057,"Grainger, TN",359429.00
47059,"Greene, TN",2153404.00
47061,"Grundy, TN",209935.00
47063,"Hamblen, TN",2996630.00
47065,"Hamilton, TN",23273742.00
47067,"Hancock, TN",84889.00
47069,"Hardeman, TN",562953.00
47071,"Hardin, TN",885035.00
47073,"Hawkins, TN",1881653.00
47075,"Haywood, TN",730120.00
47077,"Henderson, TN",742392.00
47079,"Henry, TN",1124631.00
47081,"Hickman, TN",371426.00
47083,"Houston, TN",139845.00
47085,"Humphreys, TN",603793.00
47087,"Jackson, TN",177824.00
47089,"Jefferson, TN",1338198.00
47091,"Johnson, TN",375541.00
47093,"Knox, TN",24573575.00
47095,"Lake, TN",193306.00
47097,"Lauderdale, TN",671103.00
47099,"Lawrence, TN",1057190.00
47101,"Lewis, TN",249839.00
47103,"Lincoln, TN",885103.00
47105,"Loudon, TN",1561274.00
47107,"McMinn, TN",1926369.00
47109,"McNairy, TN",597781.00
47111,"Macon, TN",511236.00
47113,"Madison, TN",5306184.00
47115,"Marion, TN",727781.00
47117,"Marshall, TN",959596.00
47119,"Maury, TN",3285859.00
47121,"Meigs, TN",220368.00
47123,"Monroe, TN",1174306.00
47125,"Montgomery, TN",4928685.00
47127,"Moore, TN",187161.00
47129,"Morgan, TN",265071.00
47131,"Obion, TN",1034308.00
47133,"Overton, TN",485920.00
47135,"Perry, TN",169171.00
47137,"Pickett, TN",130490.00
47139,"Polk, TN",287388.00
47141,"Putnam, TN",3308251.00
47143,"Rhea, TN",1892112.00
47145,"Roane, TN",2206450.00
47147,"Robertson, TN",2138230.00
47149,"Rutherford, TN",13308992.00
47151,"Scott, TN",524815.00
47153,"Sequatchie, TN",247420.00
47155,"Sevier, TN",3591754.00
47157,"Shelby, TN",57633301.00
47159,"Smith, TN",685356.00
47161,"Stewart, TN",805094.00
47163,"Sullivan, TN",7134333.00
47165,"Sumner, TN",5919474.00
47167,"Tipton, TN",1030904.00
47169,"Trousdale, TN",179992.00
47171,"Unicoi, TN",494808.00
47173,"Union, TN",298006.00
47175,"Van Buren, TN",89977.00
47177,"Warren, TN",1258085.00
47179,"Washington, TN",5468691.00
47181,"Wayne, TN",292463.00
47183,"Weakley, TN",1112897.00
47185,"White, TN",650494.00
47187,"Williamson, TN",20705085.00
47189,"Wilson, TN",4442285.00
48001,"Anderson, TX",1821668.00
48003,"Andrews, TX",5355273.00
48005,"Angelina, TX",3395257.00
48007,"Aransas, TX",607950.00
48009,"Archer, TX",370542.00
48011,"Armstrong, TX",53869.00
48013,"Atascosa, TX",4722996.00
48015,"Austin, TX",1271624.00
48017,"Bailey, TX",475400.00
48019,"Bandera, TX",317383.00
48021,"Bastrop, TX",1881339.00
48023,"Baylor, TX",162992.00
48025,"Bee, TX",839201.00
48027,"Bell, TX",14886755.00
48029,"Bexar, TX",97527759.00
48031,"Blanco, TX",299571.00
48033,"Borden, TX",615821.00
48035,"Bosque, TX",603479.00
48037,"Bowie, TX",3701177.00
48039,"Brazoria, TX",15588622.00
48041,"Brazos, TX",9525806.00
48043,"Brewster, TX",374005.00
48045,"Briscoe, TX",95465.00
48047,"Brooks, TX",360775.00
48049,"Brown, TX",1284852.00
48051,"Burleson, TX",1498704.00
48053,"Burnet, TX",1334951.00
48055,"Caldwell, TX",893669.00
48057,"Calhoun, TX",1861259.00
48059,"Callahan, TX",278826.00
48061,"Cameron, TX",10011608.00
48063,"Camp, TX",431406.00
48065,"Carson, TX",900276.00
48067,"Cass, TX",766769.00
48069,"Castro, TX",438483.00
48071,"Chambers, TX",2150371.00
48073,"Cherokee, TX",1529074.00
48075,"Childress, TX",207648.00
48077,"Clay, TX",251437.00
48079,"Cochran, TX",401268.00
48081,"Coke, TX",151963.00
48083,"Coleman, TX",220393.00
48085,"Collin, TX",59917532.00
48087,"Collingsworth, TX",101880.00
48089,"Colorado, TX",829575.00
48091,"Comal, TX",5455611.00
48093,"Comanche, TX",445661.00
48095,"Concho, TX",110496.00
48097,"Cooke, TX",2603999.00
48099,"Coryell, TX",1516686.00
48101,"Cottle, TX",95660.00
48103,"Crane, TX",1136787.00
48105,"Crockett, TX",1509126.00
48107,"Crosby, TX",346068.00
48109,"Culberson, TX",1601604.00
48111,"Dallam, TX",520975.00
48113,"Dallas, TX",241375801.00
48115,"Dawson, TX",811433.00
48117,"Deaf Smith, TX",1365597.00
48119,"Delta, TX",94996.00
48121,"Denton, TX",28354188.00
48123,"DeWitt, TX",7076798.00
48125,"Dickens, TX",141052.00
48127,"Dimmit, TX",5908447.00
48129,"Donley, TX",162840.00
48131,"Duval, TX",436507.00
48133,"Eastland, TX",1096053.00
48135,"Ector, TX",12844718.00
48137,"Edwards, TX",103814.00
48139,"Ellis, TX",5263388.00
48141,"El Paso, TX",28974082.00
48143,"Erath, TX",1639702.00
48145,"Falls, TX",397988.00
48147,"Fannin, TX",719113.00
48149,"Fayette, TX",1676417.00
48151,"Fisher, TX",269140.00
48153,"Floyd, TX",331475.00
48155,"Foard, TX",48701.00
48157,"Fort Bend, TX",24423084.00
48159,"Franklin, TX",447719.00
48161,"Freestone, TX",1384485.00
48163,"Frio, TX",1972828.00
48165,"Gaines, TX",3329962.00
48167,"Galveston, TX",14227702.00
48169,"Garza, TX",386173.00
48171,"Gillespie, TX",855051.00
48173,"Glasscock, TX",5445361.00
48175,"Goliad, TX",348238.00
48177,"Gonzales, TX",4962433.00
48179,"Gray, TX",1078311.00
48181,"Grayson, TX",4691343.00
48183,"Gregg, TX",7899636.00
48185,"Grimes, TX",1087331.00
48187,"Guadalupe, TX",9253418.00
48189,"Hale, TX",1356731.00
48191,"Hall, TX",77938.00
48193,"Hamilton, TX",218155.00
48195,"Hansford, TX",945214.00
48197,"Hardeman, TX",193103.00
48199,"Hardin, TX",1320027.00
48201,"Harris, TX",361353488.00
48203,"Harrison, TX",4509467.00
48205,"Hartley, TX",906563.00
48207,"Haskell, TX",298804.00
48209,"Hays, TX",6291164.00
48211,"Hemphill, TX",1047164.00
48213,"Henderson, TX",1680801.00
48215,"Hidalgo, TX",21017756.00
48217,"Hill, TX",922510.00
48219,"Hockley, TX",2291133.00
48221,"Hood, TX",2180548.00
48223,"Hopkins, TX",1341445.00
48225,"Houston, TX",883298.00
48227,"Howard, TX",6757873.00
48229,"Hudspeth, TX",149878.00
48231,"Hunt, TX",3554755.00
48233,"Hutchinson, TX",7999065.00
48235,"Irion, TX",1717353.00
48237,"Jack, TX",675495.00
48239,"Jackson, TX",703860.00
48241,"Jasper, TX",985232.00
48243,"Jeff Davis, TX",72768.00
48245,"Jefferson, TX",23729173.00
48247,"Jim Hogg, TX",223390.00
48249,"Jim Wells, TX",1812196.00
48251,"Johnson, TX",6166179.00
48253,"Jones, TX",495732.00
48255,"Karnes, TX",13273827.00
48257,"Kaufman, TX",4573275.00
48259,"Kendall, TX",1822462.00
48261,"Kenedy, TX",305405.00
48263,"Kent, TX",429846.00
48265,"Kerr, TX",1680749.00
48267,"Kimble, TX",133485.00
48269,"King, TX",208452.00
48271,"Kinney, TX",113457.00
48273,"Kleberg, TX",1162135.00
48275,"Knox, TX",183586.00
48277,"Lamar, TX",2141896.00
48279,"Lamb, TX",755461.00
48281,"Lampasas, TX",429103.00
48283,"La Salle, TX",7789093.00
48285,"Lavaca, TX",1467751.00
48287,"Lee, TX",921090.00
48289,"Leon, TX",1012329.00
48291,"Liberty, TX",1898796.00
48293,"Limestone, TX",1491163.00
48295,"Lipscomb, TX",735518.00
48297,"Live Oak, TX",2006611.00
48299,"Llano, TX",638468.00
48301,"Loving, TX",9557235.00
48303,"Lubbock, TX",12523583.00
48305,"Lynn, TX",242551.00
48307,"McCulloch, TX",371048.00
48309,"McLennan, TX",12347805.00
48311,"McMullen, TX",3730878.00
48313,"Madison, TX",708151.00
48315,"Marion, TX",275244.00
48317,"Martin, TX",9798482.00
48319,"Mason, TX",122641.00
48321,"Matagorda, TX",2046679.00
48323,"Maverick, TX",1487369.00
48325,"Medina, TX",872982.00
48327,"Menard, TX",65819.00
48329,"Midland, TX",26786004.00
48331,"Milam, TX",632583.00
48333,"Mills, TX",183690.00
48335,"Mitchell, TX",504203.00
48337,"Montague, TX",998712.00
48339,"Montgomery, TX",22369829.00
48341,"Moore, TX",1682157.00
48343,"Morris, TX",686443.00
48345,"Motley, TX",41500.00
48347,"Nacogdoches, TX",2596775.00
48349,"Navarro, TX",1495539.00
48351,"Newton, TX",508661.00
48353,"Nolan, TX",954245.00
48355,"Nueces, TX",19117033.00
48357,"Ochiltree, TX",1509261.00
48359,"Oldham, TX",362143.00
48361,"Orange, TX",3196209.00
48363,"Palo Pinto, TX",1004793.00
48365,"Panola, TX",2727949.00
48367,"Parker, TX",3860064.00
48369,"Parmer, TX",1469742.00
48371,"Pecos, TX",3267658.00
48373,"Polk, TX",1212652.00
48375,"Potter, TX",7785463.00
48377,"Presidio, TX",232643.00
48379,"Rains, TX",183329.00
48381,"Randall, TX",3539417.00
48383,"Reagan, TX",5977463.00
48385,"Real, TX",75348.00
48387,"Red River, TX",243294.00
48389,"Reeves, TX",12666552.00
48391,"Refugio, TX",516280.00
48393,"Roberts, TX",1015627.00
48395,"Robertson, TX",2082871.00
48397,"Rockwall, TX",3002097.00
48399,"Runnels, TX",303778.00
48401,"Rusk, TX",2822763.00
48403,"Sabine, TX",267128.00
48405,"San Augustine, TX",1019175.00
48407,"San Jacinto, TX",341508.00
48409,"San Patricio, TX",2279014.00
48411,"San Saba, TX",176547.00
48413,"Schleicher, TX",166130.00
48415,"Scurry, TX",2474422.00
48417,"Shackelford, TX",289696.00
48419,"Shelby, TX",1540317.00
48421,"Sherman, TX",314943.00
48423,"Smith, TX",10179462.00
48425,"Somervell, TX",1176285.00
48427,"Starr, TX",1414905.00
48429,"Stephens, TX",544689.00
48431,"Sterling, TX",317732.00
48433,"Stonewall, TX",300714.00
48435,"Sutton, TX",489548.00
48437,"Swisher, TX",515381.00
48439,"Tarrant, TX",108786197.00
48441,"Taylor, TX",6073954.00
48443,"Terrell, TX",161963.00
48445,"Terry, TX",796030.00
48447,"Throckmorton, TX",156903.00
48449,"Titus, TX",1627165.00
48451,"Tom Green, TX",5285701.00
48453,"Travis, TX",102486231.00
48455,"Trinity, TX",233490.00
48457,"Tyler, TX",434587.00
48459,"Upshur, TX",845183.00
48461,"Upton, TX",7369575.00
48463,"Uvalde, TX",807982.00
48465,"Val Verde, TX",1638997.00
48467,"Van Zandt, TX",1063085.00
48469,"Victoria, TX",4723879.00
48471,"Walker, TX",2011832.00
48473,"Waller, TX",1764685.00
48475,"Ward, TX",4594555.00
48477,"Washington, TX",2099987.00
48479,"Webb, TX",12408193.00
48481,"Wharton, TX",1826855.00
48483,"Wheeler, TX",1094573.00
48485,"Wichita, TX",5452221.00
48487,"Wilbarger, TX",753154.00
48489,"Willacy, TX",870911.00
48491,"Williamson, TX",22865231.00
48493,"Wilson, TX",1046254.00
48495,"Winkler, TX",1824256.00
48497,"Wise, TX",3759232.00
48499,"Wood, TX",1643737.00
48501,"Yoakum, TX",3385988.00
48503,"Young, TX",866609.00
48505,"Zapata, TX",820224.00
48507,"Zavala, TX",945577.00
49001,"Beaver, UT",383147.00
49003,"Box Elder, UT",2354625.00
49005,"Cache, UT",4782815.00
49007,"Carbon, UT",1000015.00
49009,"Daggett, UT",109868.00
49011,"Davis, UT",13565775.00
49013,"Duchesne, UT",1215649.00
49015,"Emery, UT",849317.00
49017,"Garfield, UT",210584.00
49019,"Grand, UT",523773.00
49021,"Iron, UT",1502630.00
49023,"Juab, UT",472695.00
49025,"Kane, UT",280325.00
49027,"Millard, UT",773810.00
49029,"Morgan, UT",276009.00
49031,"Piute, UT",51398.00
49033,"Rich, UT",124529.00
49035,"Salt Lake, UT",80666565.00
49037,"San Juan, UT",511280.00
49039,"Sanpete, UT",847820.00
49041,"Sevier, UT",905558.00
49043,"Summit, UT",2973451.00
49045,"Tooele, UT",1748838.00
49047,"Uintah, UT",2301653.00
49049,"Utah, UT",24192262.00
49051,"Wasatch, UT",794527.00
49053,"Washington, UT",5347692.00
49055,"Wayne, UT",95360.00
49057,"Weber, UT",9727908.00
50001,"Addison, VT",1519836.00
50003,"Bennington, VT",1523183.00
50005,"Caledonia, VT",1024166.00
50007,"Chittenden, VT",10465797.00
50009,"Essex, VT",136408.00
50011,"Franklin, VT",1733921.00
50013,"Grand Isle, VT",155832.00
50015,"Lamoille, VT",1100848.00
50017,"Orange, VT",754084.00
50019,"Orleans, VT",968077.00
50021,"Rutland, VT",2469821.00
50023,"Washington, VT",3403063.00
50025,"Windham, VT",2176247.00
50027,"Windsor, VT",2324722.00
51001,"Accomack, VA",2794309.00
51007,"Amelia, VA",362153.00
51009,"Amherst, VA",782954.00
51011,"Appomattox, VA",286994.00
51013,"Arlington, VA",31513885.00
51017,"Bath, VA",221256.00
51019,"Bedford, VA*",1864725.00
51021,"Bland, VA",237566.00
51023,"Botetourt, VA",1275072.00
51025,"Brunswick, VA",788340.00
51027,"Buchanan, VA",1018337.00
51029,"Buckingham, VA",550077.00
51033,"Caroline, VA",601787.00
51036,"Charles City, VA",182232.00
51037,"Charlotte, VA",268696.00
51041,"Chesterfield, VA",15281992.00
51043,"Clarke, VA",471328.00
51045,"Craig, VA",96426.00
51047,"Culpeper, VA",1643291.00
51049,"Cumberland, VA",190048.00
51051,"Dickenson, VA",490047.00
51057,"Essex, VA",349564.00
51061,"Fauquier, VA",2648940.00
51063,"Floyd, VA",387241.00
51065,"Fluvanna, VA",766325.00
51067,"Franklin, VA",1320061.00
51071,"Giles, VA",456058.00
51073,"Gloucester, VA",839170.00
51075,"Goochland, VA",1952541.00
51077,"Grayson, VA",282546.00
51079,"Greene, VA",465023.00
51083,"Halifax, VA",1263884.00
51085,"Hanover, VA",5346260.00
51087,"Henrico, VA",25115683.00
51091,"Highland, VA",103304.00
51093,"Isle of Wight, VA",1608390.00
51097,"King and Queen, VA",133611.00
51099,"King George, VA",1734726.00
51101,"King William, VA",437413.00
51103,"Lancaster, VA",407646.00
51105,"Lee, VA",453917.00
51107,"Loudoun, VA",24514020.00
51109,"Louisa, VA",2077558.00
51111,"Lunenburg, VA",248062.00
51113,"Madison, VA",351765.00
51115,"Mathews, VA",181338.00
51117,"Mecklenburg, VA",1099718.00
51119,"Middlesex, VA",331211.00
51125,"Nelson, VA",550659.00
51127,"New Kent, VA",418780.00
51131,"Northampton, VA",467069.00
51133,"Northumberland, VA",483382.00
51135,"Nottoway, VA",478813.00
51137,"Orange, VA",930221.00
51139,"Page, VA",620983.00
51141,"Patrick, VA",426209.00
51145,"Powhatan, VA",675129.00
51147,"Prince Edward, VA",714007.00
51155,"Pulaski, VA",1202833.00
51157,"Rappahannock, VA",248247.00
51159,"Richmond, VA",261629.00
51167,"Russell, VA",702183.00
51169,"Scott, VA",455265.00
51171,"Shenandoah, VA",1912088.00
51173,"Smyth, VA",1066740.00
51179,"Stafford, VA",4847069.00
51181,"Surry, VA",1079512.00
51183,"Sussex, VA",337619.00
51185,"Tazewell, VA",1678521.00
51187,"Warren, VA",1791015.00
51193,"Westmoreland, VA",362088.00
51197,"Wythe, VA",1700187.00
51510,"Alexandria (Independent City), VA",14046724.00
51550,"Chesapeake (Independent City), VA",9671615.00
51650,"Hampton (Independent City), VA",6525663.00
51700,"Newport News (Independent City), VA",12053270.00
51710,"Norfolk (Independent City), VA",20628226.00
51740,"Portsmouth (Independent City), VA",5719664.00
51760,"Richmond (Independent City), VA",18851790.00
51770,"Roanoke (Independent City), VA",6633697.00
51800,"Suffolk (Independent City), VA",4409998.00
51810,"Virginia Beach (Independent City), VA",20081231.00
51901,"Albemarle + Charlottesville, VA*",10415551.00
51903,"Alleghany + Covington, VA*",920780.00
51907,"Augusta, Staunton + Waynesboro, VA*",4902654.00
51911,"Campbell + Lynchburg, VA*",6546103.00
51913,"Carroll + Galax, VA*",936043.00
51918,"Dinwiddie, Colonial Heights + Petersburg, VA*",2672846.00
51919,"Fairfax, Fairfax City + Falls Church, VA*",104001303.00
51921,"Frederick + Winchester, VA*",5656457.00
51923,"Greensville + Emporia, VA*",844349.00
51929,"Henry + Martinsville, VA*",2139523.00
51931,"James City + Williamsburg, VA*",4089508.00
51933,"Montgomery + Radford, VA*",5365957.00
51939,"Pittsylvania + Danville, VA*",3380090.00
51941,"Prince George + Hopewell, VA*",3749605.00
51942,"Prince William, Manassas + Manassas Park, VA*",18138897.00
51944,"Roanoke + Salem, VA*",5793223.00
51945,"Rockbridge, Buena Vista + Lexington, VA*",1074560.00
51947,"Rockingham + Harrisonburg, VA*",6145145.00
51949,"Southampton + Franklin, VA*",703487.00
51951,"Spotsylvania + Fredericksburg, VA*",5330562.00
51953,"Washington + Bristol, VA*",2563018.00
51955,"Wise + Norton, VA*",1542134.00
51958,"York + Poquoson, VA*",2332335.00
53001,"Adams, WA",925815.00
53003,"Asotin, WA",682975.00
53005,"Benton, WA",10378129.00
53007,"Chelan, WA",4177800.00
53009,"Clallam, WA",2375614.00
53011,"Clark, WA",18366219.00
53013,"Columbia, WA",433777.00
53015,"Cowlitz, WA",4511489.00
53017,"Douglas, WA",1799803.00
53019,"Ferry, WA",193326.00
53021,"Franklin, WA",3557186.00
53023,"Garfield, WA",145430.00
53025,"Grant, WA",5472287.00
53027,"Grays Harbor, WA",2464139.00
53029,"Island, WA",2779987.00
53031,"Jefferson, WA",957283.00
53033,"King, WA",277122158.00
53035,"Kitsap, WA",11512963.00
53037,"Kittitas, WA",1635688.00
53039,"Klickitat, WA",1158803.00
53041,"Lewis, WA",3403303.00
53043,"Lincoln, WA",481953.00
53045,"Mason, WA",1497857.00
53047,"Okanogan, WA",1408006.00
53049,"Pacific, WA",698095.00
53051,"Pend Oreille, WA",605133.00
53053,"Pierce, WA",39615989.00
53055,"San Juan, WA",667122.00
53057,"Skagit, WA",7469437.00
53059,"Skamania, WA",275727.00
53061,"Snohomish, WA",39010008.00
53063,"Spokane, WA",23475758.00
53065,"Stevens, WA",1110691.00
53067,"Thurston, WA",12398258.00
53069,"Wahkiakum, WA",104637.00
53071,"Walla Walla, WA",3068776.00
53073,"Whatcom, WA",13515737.00
53075,"Whitman, WA",2549592.00
53077,"Yakima, WA",9883248.00
54001,"Barbour, WV",388785.00
54003,"Berkeley, WV",3093871.00
54005,"Boone, WV",663228.00
54007,"Braxton, WV",280470.00
54009,"Brooke, WV",860118.00
54011,"Cabell, WV",4388563.00
54013,"Calhoun, WV",117746.00
54015,"Clay, WV",108654.00
54017,"Doddridge, WV",1360515.00
54019,"Fayette, WV",996404.00
54021,"Gilmer, WV",181263.00
54023,"Grant, WV",416912.00
54025,"Greenbrier, WV",1043661.00
54027,"Hampshire, WV",314431.00
54029,"Hancock, WV",1305830.00
54031,"Hardy, WV",373462.00
54033,"Harrison, WV",4373281.00
54035,"Jackson, WV",1360582.00
54037,"Jefferson, WV",1406696.00
54039,"Kanawha, WV",9715321.00
54041,"Lewis, WV",664888.00
54043,"Lincoln, WV",223656.00
54045,"Logan, WV",1276711.00
54047,"McDowell, WV",562653.00
54049,"Marion, WV",2152179.00
54051,"Marshall, WV",2826306.00
54053,"Mason, WV",798847.00
54055,"Mercer, WV",1548865.00
54057,"Mineral, WV",745387.00
54059,"Mingo, WV",698997.00
54061,"Monongalia, WV",6244073.00
54063,"Monroe, WV",203348.00
54065,"Morgan, WV",251232.00
54067,"Nicholas, WV",590546.00
54069,"Ohio, WV",3044572.00
54071,"Pendleton, WV",128924.00
54073,"Pleasants, WV",434110.00
54075,"Pocahontas, WV",238487.00
54077,"Preston, WV",626549.00
54079,"Putnam, WV",2737539.00
54081,"Raleigh, WV",2823696.00
54083,"Randolph, WV",782930.00
54085,"Ritchie, WV",678191.00
54087,"Roane, WV",277418.00
54089,"Summers, WV",196837.00
54091,"Taylor, WV",485305.00
54093,"Tucker, WV",264631.00
54095,"Tyler, WV",666299.00
54097,"Upshur, WV",672336.00
54099,"Wayne, WV",925211.00
54101,"Webster, WV",154638.00
54103,"Wetzel, WV",948666.00
54105,"Wirt, WV",58143.00
54107,"Wood, WV",3350079.00
54109,"Wyoming, WV",587656.00
55001,"Adams, WI",448796.00
55003,"Ashland, WI",679351.00
55005,"Barron, WI",1993162.00
55007,"Bayfield, WI",398994.00
55009,"Brown, WI",16864677.00
55011,"Buffalo, WI",555108.00
55013,"Burnett, WI",477629.00
55015,"Calumet, WI",1561000.00
55017,"Chippewa, WI",2559488.00
55019,"Clark, WI",1337916.00
55021,"Columbia, WI",2785286.00
55023,"Crawford, WI",694502.00
55025,"Dane, WI",41137645.00
55027,"Dodge, WI",3279690.00
55029,"Door, WI",1176247.00
55031,"Douglas, WI",1823784.00
55033,"Dunn, WI",1730099.00
55035,"Eau Claire, WI",5920257.00
55037,"Florence, WI",123557.00
55039,"Fond du Lac, WI",4779555.00
55041,"Forest, WI",289465.00
55043,"Grant, WI",2046365.00
55045,"Green, WI",1516933.00
55047,"Green Lake, WI",656023.00
55049,"Iowa, WI",1088546.00
55051,"Iron, WI",177133.00
55053,"Jackson, WI",906727.00
55055,"Jefferson, WI",4134695.00
55057,"Juneau, WI",793332.00
55059,"Kenosha, WI",6141725.00
55061,"Kewaunee, WI",789369.00
55063,"La Crosse, WI",6470471.00
55065,"Lafayette, WI",664321.00
55067,"Langlade, WI",673616.00
55069,"Lincoln, WI",1051336.00
55071,"Manitowoc, WI",3885280.00
55073,"Marathon, WI",8056817.00
55075,"Marinette, WI",1941011.00
55077,"Marquette, WI",388971.00
55078,"Menominee, WI",160543.00
55079,"Milwaukee, WI",54269233.00
55081,"Monroe, WI",2247621.00
55083,"Oconto, WI",926345.00
55085,"Oneida, WI",1479908.00
55087,"Outagamie, WI",10245306.00
55089,"Ozaukee, WI",4642718.00
55091,"Pepin, WI",256192.00
55093,"Pierce, WI",1092486.00
55095,"Polk, WI",1481142.00
55097,"Portage, WI",3414812.00
55099,"Price, WI",512616.00
55101,"Racine, WI",8450197.00
55103,"Richland, WI",672473.00
55105,"Rock, WI",7013004.00
55107,"Rusk, WI",513247.00
55109,"St. Croix, WI",3031736.00
55111,"Sauk, WI",3338082.00
55113,"Sawyer, WI",616462.00
55115,"Shawano, WI",1138025.00
55117,"Sheboygan, WI",6700198.00
55119,"Taylor, WI",816893.00
55121,"Trempealeau, WI",1351653.00
55123,"Vernon, WI",932889.00
55125,"Vilas, WI",827015.00
55127,"Walworth, WI",3859338.00
55129,"Washburn, WI",517270.00
55131,"Washington, WI",5636773.00
55133,"Waukesha, WI",28028503.00
55135,"Waupaca, WI",1866523.00
55137,"Waushara, WI",560152.00
55139,"Winnebago, WI",9274302.00
55141,"Wood, WI",3744448.00
56001,"Albany, WY",1411472.00
56003,"Big Horn, WY",504665.00
56005,"Campbell, WY",6204761.00
56007,"Carbon, WY",1324296.00
56009,"Converse, WY",1502510.00
56011,"Crook, WY",307546.00
56013,"Fremont, WY",1595939.00
56015,"Goshen, WY",604466.00
56017,"Hot Springs, WY",246487.00
56019,"Johnson, WY",439009.00
56021,"Laramie, WY",5236630.00
56023,"Lincoln, WY",793275.00
56025,"Natrona, WY",5171022.00
56027,"Niobrara, WY",132175.00
56029,"Park, WY",1346302.00
56031,"Platte, WY",535625.00
56033,"Sheridan, WY",1252386.00
56035,"Sublette, WY",1684220.00
56037,"Sweetwater, WY",3836603.00
56039,"Teton, WY",2166420.00
56041,"Uinta, WY",906587.00
56043,"Washakie, WY",358104.00
56045,"Weston, WY",315885.00